{"((1, 1), ((1, 1, 1), (1, 0, 0), (1, 0, 0)))": [218.91426111464293, 193.54972980584455, 220.7854160060107, 221.97378471373995, 220.62429294769777, 220.67378594512525, 241.48239938040257, 220.16557297746016], "((1, 1), ((0, 0, 0), (0, 0, 0), (0, 0, 0)))": [235.0544878079607, 240.413423921184, 240.82341422218985, 227.02844661723572, 239.3150036830507, 236.39485280854663, 268.5686301557029, 228.386283645618], "((1, 1), ((1, 0, 0), (1, 0, 0), (1, 0, 0)))": [185.50824635730257, 193.1249738684913, 189.28191962404887, 193.02460528124266, 195.07573846087362, 189.70075680583798, 246.8890489595734, 159.47505884083753], "((1, 1), ((1, 1, 1), (0, 0, 0), (0, 0, 0)))": [214.0352557847878, 149.39620433103968, 194.61745273115758, 141.7894499114127, 183.65211576764764, 149.6454230667144, 196.14958302153124, 164.2783153439114], "((1, 1), ((0, 0, 0), (0, 0, 0), (0, 0, 1)))": [246.65817835396743, 404.80999999999926, 364.228999999999, 248.38320404048724, 250.59946885156742, 245.23647640497808, 363.82899999999904, 248.7910532538865], "((1, 1), ((0, 0, 0), (0, 0, 0), (0, 1, 0)))": [364.228999999999, 404.80999999999926, 404.4099999999993, 247.16285056708304, 364.228999999999, 249.2327282654854, 449.8999999999995, 354.16057752548056], "((1, 0), ((0, 0, 0), (0, 0, 0), (1, 0, 0)))": [404.80999999999926, 392.8904770009515, 449.8999999999995, 335.7158983927131, 404.4099999999993, 243.06087606791442, 378.36097277456327, 399.7557218413693], "((1, -1), ((0, 0, 1), (0, 0, 1), (0, 0, 1)))": [280.458988603233, 241.71940958359386, 251.78678489331196, 251.35402613333952, 467.25096570788156, 254.4561965358642, 286.78385314982063, 256.57350992100197], "((1, 0), ((0, 0, 0), (0, 0, 0), (0, 0, 0)))": [232.1283495651997, 289.151608313357, 401.2261441614, 284.40830330356374, 241.3007120786406, 206.49524529688796, 298.97974801757414, 321.9284166233845], "((0, 1), ((0, 0, 0), (0, 0, 0), (0, 0, 0)))": [300.76980179380234, 319.6895979837443, 298.8656603876743, 202.62859741519082, 274.6299407864592, 213.46798604658522, 372.0735730396258, 245.42139087887696], "((-1, 1), ((0, 0, 0), (0, 0, 0), (1, 1, 1)))": [222.28272997628957, 245.77892426979366, 260.31058849197774, 206.18645432612865, 217.67879873820488, 220.5335151168937, 240.9538749450139, 384.0967932742907], "((-1, 1), ((0, 0, 1), (0, 0, 0), (1, 1, 1)))": [322.1567427964246, 449.8999999999995, 404.4099999999993, 404.80999999999926, 404.4099999999993, 316.4478755703289, 404.4099999999993, 404.4099999999993], "((-1, 1), ((0, 1, 0), (0, 0, 0), (1, 1, 1)))": [404.80999999999926, 449.8999999999995, 449.49999999999955, 449.49999999999955, 449.49999999999955, 404.80999999999926, 449.49999999999955, 499.9999999999998], "((1, 1), ((0, 0, 0), (0, 0, 1), (0, 0, 1)))": [245.70827320230288, 363.82899999999904, 404.80999999999926, 364.228999999999, 326.9016837154566, 249.54127439591574, 363.82899999999904, 404.80999999999926], "((1, 0), ((1, 1, 1), (0, 0, 0), (0, 0, 0)))": [181.56201032045823, 201.98582602225778, 197.55230987437062, 201.41579921140323, 188.59142924103958, 202.30308477176968, 199.05124670484582, 201.9311519405283], "((1, -1), ((1, 1, 1), (0, 0, 1), (0, 0, 1)))": [201.99090939210785, 202.35210538437138, 200.96695493245394, 203.10317439226668, 201.33027285895037, 201.221107797927, 202.8950572565312, 201.65558918213986], "((0, 1), ((0, 0, 1), (0, 0, 1), (0, 0, 0)))": [329.7672198533848, 404.4099999999993, 404.80999999999926, 364.228999999999, 322.0355714181518, 240.77906339931724, 449.8999999999995, 404.4099999999993], "((0, 1), ((1, 0, 0), (1, 0, 0), (1, 0, 0)))": [201.38962817647746, 266.77079758585063, 203.13619554410212, 189.1599149744189, 204.68355169125934, 202.1067206949593, 202.89493506793707, 188.49426668477108], "((-1, 1), ((1, 0, 0), (1, 0, 0), (1, 1, 1)))": [205.3863024206975, 224.66390023438845, 204.6622219360234, 206.40964925520495, 206.25457198318986, 204.7867066866534, 205.73573543787603, 206.55450628794506], "((1, 0), ((0, 0, 0), (1, 0, 0), (1, 0, 0)))": [449.49999999999955, 417.7858257567837, 499.9999999999998, 404.80999999999926, 449.49999999999955, 404.80999999999926, 449.8999999999995, 417.75598239163344], "((0, 0), ((1, 0, 0), (1, 0, 0), (0, 0, 0)))": [0.0, 0.0, 0.0, 0.0, 0.0, 0.0, 0.0, 0.0], "((0, -1), ((0, 0, 1), (0, 0, 1), (0, 0, 1)))": [499.9999999999998, 449.499998266882, 449.89998072056, 343.88455116260786, 449.89999990331955, 449.89999972390626, 449.49999935090534, 449.499999943], "((-1, 0), ((1, 0, 0), (0, 0, 0), (1, 1, 1)))": [449.8999398543983, 449.8996004752418, 449.49998781057667, 499.9999999999998, 449.4999707555857, 449.49995748651963, 449.4999290621255, 449.8999914045629], "((-1, -1), ((0, 0, 1), (0, 0, 1), (1, 1, 1)))": [448.1393783190484, 446.6770943583599, 448.36342753711244, 449.5102105196215, 447.3750012430103, 499.9999999746759, 448.07429563120894, 448.4991559272776]}