{"((1, 1), ((1, 1, 1), (1, 0, 0), (1, 0, 0)))": [24.96102786224378, 24.559751830138584, 30.850575948035317, 24.84771225768761, 25.7340657472827, 24.93014331583927, 25.189194161076447, 25.17247219048563], "((1, 1), ((1, 0, 0), (1, 0, 0), (1, 0, 0)))": [27.439620841660318, 25.83625811669245, 28.39467657163482, 27.62494367974689, 26.951125668515783, 27.428539129153574, 34.761058521555555, 25.553212149382542], "((1, 1), ((0, 0, 0), (0, 0, 0), (0, 0, 0)))": [21.302779238904314, 20.797833954067535, 22.24215735230968, 22.004223055353446, 30.19471967291497, 23.58867773127609, 23.62969701525019, 24.292631202909206], "((1, 1), ((1, 1, 1), (0, 0, 0), (0, 0, 0)))": [24.939419232493265, 24.943661539681273, 25.058210489216954, 25.008962813648047, 25.033616045609083, 24.777462263594607, 24.929201017878523, 25.01914009833512], "((1, 1), ((0, 0, 0), (0, 0, 0), (0, 0, 1)))": [26.408777404014344, 26.376181545001828, 26.374198782235425, 26.369290345800135, 26.438281163820335, 26.063741536252124, 26.14891545489353, 26.027083186221105], "((1, 1), ((0, 0, 0), (0, 0, 1), (0, 0, 1)))": [28.033969399420833, 28.032713590647766, 29.36594729841722, 27.77848908466446, 27.903258905664952, 28.063821892263718, 27.995808625598247, 27.99040399388113], "((1, 1), ((0, 0, 1), (0, 0, 1), (0, 0, 1)))": [28.118560924276988, 28.078851193818338, 41.69398631483767, 27.958246554141162, 27.781147783273372, 28.098498635467408, 28.054894751689062, 28.11842673381959], "((1, 1), ((0, 0, 1), (0, 0, 1), (0, 0, 0)))": [28.326017433775053, 28.203234215161316, 28.39288984345184, 28.358940476336212, 28.021058409344207, 28.199778843034565, 28.41354145113048, 28.242021874135343], "((0, 1), ((0, 0, 0), (0, 0, 0), (0, 0, 0)))": [48.573982304498244, 59.140457979238015, 47.41853535042189, 32.32480597291652, 48.439036734715145, 29.442510001602454, 52.2109524748847, 30.77715960638621], "((-1, 1), ((0, 0, 0), (0, 0, 0), (1, 1, 1)))": [47.74174434464647, 50.46492226489577, 47.13745139898768, 48.27974344617603, 47.14063388287651, 48.065725484892326, 49.53011178843861, 52.8498525224152], "((0, 1), ((1, 0, 0), (1, 0, 0), (1, 0, 0)))": [37.60357676193407, 37.69437978296507, 37.60773400622137, 32.305015030204395, 37.62971675100437, 37.77273197333859, 47.79663774175455, 33.456048083457546], "((-1, 1), ((1, 0, 0), (1, 0, 0), (1, 1, 1)))": [36.987206402335815, 36.73638631327089, 36.96650048818729, 38.4777796066292, 36.49161959634152, 36.34904338878748, 36.8538842761492, 36.627784930556366], "((1, 1), ((0, 0, 1), (0, 0, 0), (0, 0, 0)))": [29.08334476604893, 29.359659832697375, 29.36295251492668, 29.239767927888458, 29.069134985589855, 28.668144142634663, 29.206052892601676, 29.104745989017523], "((1, 1), ((0, 1, 0), (0, 0, 0), (0, 0, 0)))": [30.48636167161546, 30.79773806639869, 30.484987583017382, 30.679837720580625, 30.43387676315449, 30.79058385514352, 30.496953004564055, 30.891403307479194], "((1, 1), ((1, 0, 0), (0, 0, 0), (0, 0, 0)))": [32.624009000322054, 32.04552161390018, 31.888464835721386, 32.6276873552904, 31.382181640420576, 32.48507503535892, 32.1359136601837, 32.63623411979242], "((1, 1), ((1, 0, 0), (1, 0, 0), (0, 0, 0)))": [32.36962251607427, 31.98848530353775, 32.228245737408066, 32.17445326360376, 32.347933977717766, 32.53437764576024, 32.30372955156958, 32.035452972442684], "((1, 1), ((0, 0, 0), (0, 0, 0), (0, 1, 0)))": [27.616646187463342, 28.017805916869822, 27.909180867738165, 27.92050092324463, 27.83016665086676, 27.658356072262833, 27.923936807087166, 27.732622628426643], "((1, 0), ((0, 0, 0), (0, 0, 0), (0, 0, 0)))": [32.44456746224967, 46.938079404489024, 32.13019934126628, 30.267928267196403, 33.33466062047018, 30.256743953697207, 30.108803873600287, 30.187545969554947], "((1, -1), ((0, 0, 1), (0, 0, 1), (0, 0, 1)))": [45.8826386615923, 35.639267637850075, 34.96042642808451, 30.51610320094377, 57.15452794112375, 30.470443684036344, 30.5526136365639, 34.29800605812647], "((1, 1), ((0, 0, 0), (1, 0, 0), (1, 0, 0)))": [28.645855614885182, 28.892696292417273, 28.51181733647044, 28.890349728386894, 28.82185068844203, 28.588009472080753, 28.461522146245017, 28.907680099226205], "((1, 1), ((0, 0, 0), (0, 0, 0), (1, 0, 0)))": [28.88593411459286, 28.90364652458036, 28.67532497774487, 28.636016278547828, 28.83272017258106, 28.834354798255784, 27.92818496553926, 28.807034065884388], "((0, 1), ((0, 0, 1), (0, 0, 1), (0, 0, 0)))": [55.814538197917265, 80.40999999999985, 80.80999999999986, 33.68810781423573, 56.84007582232593, 35.00223405314701, 89.89999999999989, 80.40999999999985], "((-1, 1), ((0, 0, 1), (0, 0, 0), (1, 1, 1)))": [57.78264271362693, 89.89999999999989, 80.40999999999985, 80.80999999999986, 80.40999999999985, 56.934743136006524, 80.40999999999985, 80.40999999999985], "((-1, 1), ((0, 1, 0), (0, 0, 0), (1, 1, 1)))": [80.80999999999986, 89.89999999999989, 89.49999999999989, 89.49999999999989, 89.49999999999989, 80.80999999999986, 89.49999999999989, 99.99999999999994], "((1, 0), ((1, 1, 1), (0, 0, 0), (0, 0, 0)))": [33.93093850309957, 34.00029203938263, 37.845911433011956, 34.08329075277943, 33.786645083878874, 34.012782494863814, 34.011234600637835, 33.94976176013386], "((1, -1), ((1, 1, 1), (0, 0, 1), (0, 0, 1)))": [34.04789602755095, 34.15742128335135, 33.56748470776873, 33.86074255667568, 33.8280665660425, 33.87265011761334, 33.94736391732638, 33.80227801708131], "((1, 0), ((0, 0, 0), (0, 0, 0), (1, 0, 0)))": [42.71699534850458, 67.33409586319492, 80.80999999999986, 52.7927107267446, 72.22899999999979, 36.94067698426078, 66.21519542538582, 70.58030094220457], "((1, 0), ((0, 0, 0), (1, 0, 0), (1, 0, 0)))": [80.40999999999985, 68.20314134346015, 89.89999999999989, 72.62899999999982, 80.40999999999985, 45.0518776426035, 71.65991252405783, 70.50189475644066], "((1, 0), ((1, 0, 0), (1, 0, 0), (1, 0, 0)))": [89.49999999997897, 67.39714240489697, 99.99999999999994, 80.8099999999994, 89.49999999999721, 89.49999999995723, 89.89999999978298, 71.18575346179706], "((0, -1), ((0, 0, 1), (0, 0, 1), (0, 0, 1)))": [99.9999999999846, 89.488369521886, 89.76581110757621, 68.1586003393664, 89.843939515579, 89.85759293197599, 89.48359680642841, 89.44007090519291], "((0, 0), ((1, 0, 0), (1, 0, 0), (0, 0, 0)))": [0.0, 0.0, 0.0, 0.0, 0.0, 0.0, 0.0, 0.0], "((-1, 0), ((1, 0, 0), (0, 0, 0), (1, 1, 1)))": [89.89868215584464, 89.85906891346438, 89.49662489767643, 99.99999999999994, 89.4961301017475, 89.48366634804184, 89.48465136834336, 89.88840079516426], "((-1, -1), ((0, 0, 1), (0, 0, 1), (1, 1, 1)))": [88.78440051522522, 86.56883011775524, 86.62849614503332, 87.11664145642658, 87.02737204816879, 99.99704873345692, 83.14009136596368, 84.35700116310088]}