{"((1, 1), ((1, 1, 1), (1, 0, 0), (1, 0, 0)))": [221.26855060260772, 191.99829664138375, 218.6281550613553, 221.6269261336794, 222.06300602062234, 220.65933127955222, 241.78941353119058, 220.70689963135789], "((1, 1), ((1, 1, 1), (0, 0, 0), (0, 0, 0)))": [212.9775915786609, 118.90702921896197, 176.4203928377019, 127.76645138560835, 144.49236046290815, 138.9747932789179, 183.69877531880704, 133.71848896330096], "((1, 1), ((1, 0, 0), (1, 0, 0), (1, 0, 0)))": [202.49612600777527, 206.94880093770288, 200.86768248615002, 196.94025897938874, 199.72978375354666, 185.41841700881133, 244.86484893273254, 179.92855520322166], "((1, 1), ((0, 0, 0), (0, 0, 0), (0, 0, 0)))": [235.41063703490371, 240.21275941680497, 241.84601352577153, 232.911129848894, 235.8201040755076, 234.33610068989466, 268.62309148984986, 223.39296658475797], "((0, 1), ((0, 0, 0), (0, 0, 0), (0, 0, 0)))": [265.08787126553085, 270.1625714183069, 289.23586825937207, 207.23232998222772, 255.85576970478616, 194.38806717186554, 372.4252411892196, 237.88150487602684], "((-1, 1), ((0, 0, 0), (0, 0, 0), (1, 1, 1)))": [261.8284680452735, 288.566566736014, 278.21929520266775, 282.92206277829047, 257.46828678825557, 242.52227846451788, 255.43156688024223, 367.8951222385723], "((1, 1), ((0, 0, 0), (0, 0, 1), (0, 0, 1)))": [247.74993822725563, 363.82899999999904, 404.80999999999926, 364.228999999999, 331.39631721614626, 248.31181948074922, 363.82899999999904, 404.80999999999926], "((0, 1), ((1, 0, 0), (1, 0, 0), (1, 0, 0)))": [197.88941723437517, 208.13103678468235, 193.70252448012, 184.66649586573214, 201.60582916071976, 198.13676594832143, 282.7306393868953, 175.64687310609708], "((-1, 1), ((0, 0, 1), (0, 0, 0), (1, 1, 1)))": [318.41988637460184, 449.8999999999995, 404.4099999999993, 404.80999999999926, 404.4099999999993, 310.37703320321725, 404.4099999999993, 404.4099999999993], "((-1, 1), ((1, 0, 0), (1, 0, 0), (1, 1, 1)))": [196.94776431545944, 230.16075929788988, 197.84101810217675, 198.1719035150736, 197.41441445406457, 195.69601061150524, 198.18116169095288, 197.95645174269615], "((1, 0), ((0, 0, 0), (0, 0, 0), (0, 0, 0)))": [165.9554896630926, 171.14200583226727, 400.76302345269113, 171.0968717501753, 161.6900504674276, 144.22339129349626, 142.64268325148504, 203.89187880084717], "((1, -1), ((0, 0, 1), (0, 0, 1), (0, 0, 1)))": [418.38265616619327, 149.93502182158545, 249.31688755042956, 172.49420754540733, 240.17842547219934, 157.82814918129407, 198.4806156856884, 184.53697685197298], "((0, 1), ((0, 0, 1), (0, 0, 1), (0, 0, 0)))": [326.01563756846497, 404.4099999999993, 404.80999999999926, 364.228999999999, 323.69957457613305, 244.17800923221088, 449.8999999999995, 404.4099999999993], "((-1, 1), ((0, 1, 0), (0, 0, 0), (1, 1, 1)))": [404.80999999999926, 449.8999999999995, 449.49999999999955, 449.49999999999955, 449.49999999999955, 404.80999999999926, 449.49999999999955, 499.9999999999998], "((0, 0), ((1, 0, 0), (1, 0, 0), (0, 0, 0)))": [0.0, 0.0, 0.0, 0.0, 0.0, 0.0, 0.0, 0.0], "((1, 0), ((0, 0, 0), (0, 0, 0), (1, 0, 0)))": [404.80999999999926, 340.3661893249215, 449.8999999999995, 325.55142557684286, 404.4099999999993, 242.93362949296764, 366.1947131812091, 351.3951788592741], "((1, 0), ((0, 0, 0), (1, 0, 0), (1, 0, 0)))": [449.49999999999955, 379.52594390166706, 499.9999999999998, 404.80999999999926, 449.49999999999955, 404.80999999999926, 449.8999999999995, 380.4810818827697], "((1, 1), ((0, 0, 0), (0, 0, 0), (0, 1, 0)))": [364.228999999999, 404.80999999999926, 404.4099999999993, 244.98506774583907, 364.228999999999, 247.40773755730595, 449.8999999999995, 355.78796348206845], "((1, 1), ((0, 0, 0), (0, 0, 0), (0, 0, 1)))": [245.30845255093013, 404.80999999999926, 364.228999999999, 245.7260473305453, 246.96809702789972, 246.78241367776633, 363.82899999999904, 248.9427830938562], "((1, -1), ((1, 1, 1), (0, 0, 1), (0, 0, 1)))": [120.84657602001778, 121.76066252646648, 119.31135174064208, 122.04233569231053, 119.607409070441, 121.31753601303691, 121.59871216642324, 121.19909993981162], "((1, 0), ((1, 1, 1), (0, 0, 0), (0, 0, 0)))": [117.2086399232272, 120.64200713276841, 118.99830849612752, 119.9541870466202, 117.36124826624855, 119.69103119750672, 117.48177152819453, 119.93252633519309], "((0, -1), ((0, 0, 1), (0, 0, 1), (0, 0, 1)))": [499.9999999999998, 449.49999947803144, 449.8999903668098, 351.69651558586264, 449.8999988665689, 449.89999997921734, 449.49999991673036, 449.49999618749587], "((-1, -1), ((0, 0, 1), (0, 0, 1), (1, 1, 1)))": [449.84922554956626, 448.8422942179794, 447.62811960755386, 449.09066618319224, 448.2747288061056, 499.9999999003719, 448.84251948010115, 447.5532156614046], "((-1, 0), ((1, 0, 0), (0, 0, 0), (1, 1, 1)))": [449.8998517764909, 449.8997648616631, 449.49984020804595, 499.9999999999998, 449.49998466761065, 449.49946155666987, 449.49955082416494, 449.89994579271576]}