{"((1, 1), ((1, 1, 1), (1, 0, 0), (1, 0, 0)))": [26.650630068176348, 26.74450927786208, 26.577280197407543, 27.155560353147084, 27.176094475088902, 26.364689400844785, 35.26695078081504, 26.55730987318242], "((1, 1), ((0, 0, 0), (0, 0, 0), (0, 0, 0)))": [25.536458786698713, 25.34354976081491, 26.28541721457196, 25.771288175763186, 24.466181607052434, 26.417620248922667, 39.30636218414347, 28.041111398195834], "((1, 1), ((1, 1, 1), (0, 0, 0), (0, 0, 0)))": [26.38987197115104, 26.350598704187927, 26.399612841753772, 26.421210201907158, 26.435210350790182, 26.331646487414016, 26.504405770170532, 26.310476667404835], "((1, 1), ((0, 0, 0), (0, 0, 0), (0, 0, 1)))": [29.480674075591914, 28.165565760760995, 28.20656646149843, 28.217317284103213, 28.214296098627482, 27.82402128761518, 28.06372621018942, 27.833742629673566], "((1, 1), ((1, 0, 0), (1, 0, 0), (1, 0, 0)))": [25.958314954192296, 28.01352789792984, 26.130290179528213, 25.9560072580776, 26.090748300806936, 26.137455125741486, 26.20029522835175, 26.16587626119791], "((1, 1), ((0, 0, 0), (0, 0, 1), (0, 0, 1)))": [28.313135844480268, 28.301641480768026, 28.237516485424333, 27.895152447945012, 34.51571687078158, 28.833708315147344, 28.418206654041317, 28.23559058784253], "((1, 1), ((0, 0, 0), (0, 0, 0), (0, 1, 0)))": [27.93690950099966, 29.200075780261074, 27.731900690457163, 27.61701641296899, 27.760272354477916, 27.858657551394163, 27.947102395203892, 27.913411556250917], "((1, 1), ((0, 0, 0), (1, 0, 0), (1, 0, 0)))": [29.72506601840869, 29.47098176499038, 29.4842026639685, 29.831628795176634, 29.917065622386062, 29.95943221822074, 29.897374622454752, 29.655420429295994], "((1, 1), ((0, 0, 0), (0, 0, 0), (1, 0, 0)))": [28.98812185981985, 30.30291883130171, 29.201711577290695, 29.141852377595534, 28.885137232896376, 29.12927738854405, 29.127568122720334, 28.788727834716266], "((1, 0), ((0, 0, 0), (0, 0, 0), (0, 0, 0)))": [35.43447930902789, 53.2319448873675, 52.79188236000687, 52.96758857429719, 36.35561560527949, 35.03675878925366, 61.28135936016626, 52.37980078990049], "((1, -1), ((0, 0, 1), (0, 0, 1), (0, 0, 1)))": [55.01836525881872, 45.08964490195124, 55.73851060467649, 52.86438263925439, 75.74082511407887, 52.41077660474871, 51.48541054916768, 46.5738649246188], "((1, 0), ((1, 1, 1), (0, 0, 0), (0, 0, 0)))": [36.82949723157898, 38.73523047973396, 49.62994203484717, 38.69980400951058, 37.432895135179855, 38.20310203829161, 42.05804277414305, 38.61496057659225], "((1, -1), ((1, 1, 1), (0, 0, 1), (0, 0, 1)))": [40.982468906330986, 38.098351457271264, 38.22395017892819, 38.428111153522494, 37.9040199720958, 38.39266487834558, 38.10108620560543, 38.33034384033605], "((1, 1), ((0, 0, 1), (0, 0, 1), (0, 0, 1)))": [28.95738478027862, 29.19985835990456, 29.398297984980033, 29.205321348300874, 29.084821849758338, 29.166908329243885, 29.170130481840694, 29.13488261603314], "((0, 1), ((0, 0, 1), (0, 0, 1), (0, 0, 0)))": [58.30126658846633, 80.40999999999985, 80.80999999999986, 33.80659547916291, 57.00133946543767, 37.41392216325937, 89.89999999999989, 80.40999999999985], "((0, 1), ((0, 0, 0), (0, 0, 0), (0, 0, 0)))": [35.55205610598527, 37.787432924465584, 35.21541373985621, 32.812337591646106, 33.08350516103678, 32.26295025883137, 67.99334952609918, 32.49069522748945], "((-1, 1), ((0, 0, 0), (0, 0, 0), (1, 1, 1)))": [34.646438923250905, 37.90943426081712, 33.01522757733643, 59.82637440769756, 36.86264334308876, 33.072092406672155, 33.06463974812279, 37.93094173219839], "((-1, 1), ((0, 0, 1), (0, 0, 0), (1, 1, 1)))": [59.85102430819686, 89.89999999999989, 80.40999999999985, 80.80999999999986, 80.40999999999985, 57.297172682222715, 80.40999999999985, 80.40999999999985], "((1, 1), ((0, 1, 0), (0, 0, 0), (0, 0, 0)))": [31.01071811010607, 31.252619504012593, 31.109997833001593, 31.327031105915108, 31.167603665103808, 31.00141085547297, 31.239871160246217, 31.178113813361836], "((1, 1), ((1, 0, 0), (0, 0, 0), (0, 0, 0)))": [33.240664012832646, 32.99394332257023, 33.06718696795589, 33.3952626659691, 33.05805130906348, 33.41613921476036, 32.77427785667301, 33.15063449905677], "((1, 1), ((0, 0, 1), (0, 0, 0), (0, 0, 0)))": [29.034462550181253, 29.17699103276023, 30.27441163715753, 29.185582213037176, 29.03809745049996, 29.098088483441323, 28.95083512638057, 29.021287526714637], "((1, 1), ((0, 0, 1), (0, 0, 1), (0, 0, 0)))": [29.157297656388167, 28.718689733962155, 28.626471674309613, 28.818913714430362, 33.78004744003153, 29.141394177946637, 28.787744405779552, 28.626320773362075], "((0, 1), ((1, 0, 0), (1, 0, 0), (1, 0, 0)))": [45.68034293715148, 45.118747195397255, 45.603397475226146, 33.9236345024466, 45.3591078359504, 45.62846395463665, 44.92076536020177, 35.38089820572988], "((1, 1), ((1, 0, 0), (1, 0, 0), (0, 0, 0)))": [33.005925014207435, 33.17360717502363, 33.171220194007, 32.62227331263455, 33.128150976186625, 32.826643417883595, 33.09838231763117, 32.836924340140115], "((1, 0), ((0, 0, 0), (0, 0, 0), (1, 0, 0)))": [38.00149659824144, 69.1859564964255, 80.80999999999986, 59.63493292243923, 72.22899999999981, 40.206537174588796, 70.85510832073476, 71.88536793831001], "((1, 0), ((0, 0, 0), (1, 0, 0), (1, 0, 0)))": [80.40999999999985, 70.09479330169401, 89.89999999999989, 72.62899999999982, 80.40999999999985, 40.29379391135529, 71.25144846216789, 70.39601389022988], "((0, -1), ((0, 0, 1), (0, 0, 1), (0, 0, 1)))": [99.99999999999994, 89.49975188225419, 89.79015598748633, 67.88139600847771, 89.88770305415034, 89.89718460405109, 89.49761147815099, 89.49801383578115], "((0, 0), ((1, 0, 0), (1, 0, 0), (0, 0, 0)))": [0.0, 0.0, 0.0, 0.0, 0.0, 0.0, 0.0, 0.0], "((1, 0), ((1, 0, 0), (1, 0, 0), (1, 0, 0)))": [89.49999999999989, 70.51729978862063, 99.99999999999994, 80.80999999999986, 89.49999999999989, 89.49999999999989, 89.89999999999989, 70.36298334565555], "((-1, 1), ((1, 0, 0), (1, 0, 0), (1, 1, 1)))": [44.37047927131473, 44.415172071543715, 44.61484279231524, 44.55178323456396, 44.5967577154172, 44.26975520113691, 44.494499969158, 43.70140552126803], "((-1, 1), ((0, 1, 0), (0, 0, 0), (1, 1, 1)))": [80.80999999999986, 89.89999999999989, 89.49999999999989, 89.49999999999989, 89.49999999999989, 80.80999999999986, 89.49999999999989, 99.99999999999994], "((-1, 0), ((1, 0, 0), (0, 0, 0), (1, 1, 1)))": [89.89148311232552, 89.85659671100511, 89.49916310780097, 99.99999999999994, 89.49733387495309, 89.49942128034603, 89.49710891050196, 89.89541899139779], "((-1, -1), ((0, 0, 1), (0, 0, 1), (1, 1, 1)))": [89.09066404060086, 87.38777935580539, 83.79934184223627, 89.1871001359422, 86.64662081472757, 99.99806367402108, 85.52749076136183, 86.57507868544148]}