{"((1, 1), ((1, 1, 1), (1, 0, 0), (1, 0, 0)))": [22.537861724938818, 16.670752897284853, 20.49287666024429, 22.424462855848308, 20.961136813475655, 20.272598793484264, 33.75450638551776, 21.89922029707838], "((1, 1), ((1, 1, 1), (0, 0, 0), (0, 0, 0)))": [25.163216523358642, 15.595260575989476, 14.217595648462746, 15.102563430082297, 16.274507308888868, 14.712760570163276, 16.10362982345909, 14.887815724099628], "((1, 1), ((0, 0, 0), (0, 0, 1), (0, 0, 1)))": [20.05897663330879, 17.77717832144549, 23.610251477042024, 19.55019532659652, 24.83856141943082, 17.300259250033605, 18.66498813457042, 26.14398588019391], "((1, 1), ((0, 0, 0), (0, 0, 0), (0, 0, 0)))": [28.333740030185805, 37.64492103670922, 31.625797332939367, 27.770857073436964, 28.4314455442605, 28.54891378801363, 32.82009712683086, 32.83933207433323], "((1, 1), ((1, 1, 1), (0, 0, 0), (0, 0, 1)))": [14.394234742721684, 13.66623498129002, 13.493456648634925, 14.258803443313294, 30.660997149002668, 13.48934877577144, 14.384130772271037, 14.22865020972807], "((1, 1), ((1, 1, 1), (0, 0, 0), (0, 1, 0)))": [21.335145322550634, 17.793618955254615, 18.26335782346775, 19.374091590577606, 20.25616296841503, 20.68586607957425, 29.129413222726676, 19.271251496512846], "((1, 1), ((1, 1, 1), (0, 0, 0), (1, 0, 0)))": [14.458615239560958, 14.13865706898177, 26.46482110341256, 13.31426581359449, 12.4559890473134, 13.561771132018922, 14.820740129388673, 13.71243442195123], "((1, 1), ((0, 0, 0), (1, 0, 0), (1, 0, 0)))": [20.42134736286585, 26.219079047542934, 21.116481883316208, 17.954721718281235, 22.18685303883847, 22.213701936073466, 32.481005689959815, 17.835252087527873], "((1, 1), ((1, 0, 0), (1, 0, 0), (1, 0, 0)))": [14.076779008031462, 14.028974863060883, 13.34337986348976, 14.064165618506884, 13.886918479483947, 14.648893690916342, 32.06850701303964, 12.9344802188406], "((1, 1), ((0, 1, 0), (0, 0, 0), (0, 0, 0)))": [16.491078966727134, 12.130726410372805, 13.7845090208164, 13.776964601713708, 13.296278472194146, 13.107098268706604, 14.521169808134132, 12.926095012829043], "((1, 1), ((0, 0, 1), (0, 0, 0), (0, 0, 0)))": [17.255522988237534, 14.998241031801998, 30.06366081467739, 15.791626349053722, 15.899965202107923, 17.396714385898722, 15.803952773781708, 15.698423377574029], "((1, 1), ((0, 0, 1), (0, 0, 1), (0, 0, 0)))": [14.612951059980897, 15.796482918277007, 14.730560805973774, 15.786915279849223, 30.70819528975762, 17.158407148120375, 14.484258026041907, 14.793169798006177], "((1, 1), ((0, 0, 1), (0, 0, 1), (0, 0, 1)))": [16.436452707505186, 13.730102076438728, 16.504728932396173, 15.970136026197647, 31.979556209034584, 15.297522357403771, 14.613922143960737, 13.386764795748453], "((0, 1), ((1, 0, 0), (1, 0, 0), (1, 0, 0)))": [12.04765329678567, 11.937020902406942, 12.015845954508578, 12.009054999979785, 11.99321705585847, 12.113758588563506, 13.655280229302784, 12.55187394893429], "((0, 1), ((0, 0, 0), (0, 0, 0), (0, 0, 0)))": [13.139138112460648, 13.51476746710136, 12.866462969615286, 14.279048707800538, 12.858053930417695, 13.713562607411962, 12.84004029972689, 16.22558429716688], "((1, 1), ((1, 0, 0), (0, 0, 0), (0, 0, 0)))": [12.784122350340356, 12.724767506816702, 14.103183170305288, 13.153173477606067, 13.426192724503041, 13.738816913906229, 15.65917600418436, 12.550687518606136], "((0, 1), ((0, 0, 1), (0, 0, 1), (0, 0, 1)))": [13.994263956463278, 14.332572780615505, 13.90751922941777, 15.254890705825336, 13.564330119716317, 13.990766690663234, 14.041068496275328, 14.403896761137073], "((-1, 1), ((0, 0, 1), (0, 0, 1), (1, 1, 1)))": [12.81911686981104, 13.20485183201077, 14.234940842593788, 14.3152602322675, 14.195898462242583, 14.26382927641733, 13.757513028471122, 11.849178282435211], "((-1, 1), ((0, 0, 0), (0, 0, 0), (1, 1, 1)))": [12.841244547036075, 12.926203192054356, 12.845544426964128, 12.88374502251093, 12.763124145138248, 12.899607569352764, 12.90928903459227, 14.87788889250055], "((1, 1), ((0, 0, 0), (0, 0, 0), (0, 0, 1)))": [23.775105865506713, 80.80999999999986, 30.995421467485016, 26.442037595293208, 23.899055713585508, 23.898847248548503, 72.22899999999981, 25.912349964045976], "((1, 1), ((1, 0, 0), (1, 0, 0), (0, 0, 0)))": [12.839236348159274, 12.610739855611305, 13.40956776901582, 12.545846469539748, 14.285373645329878, 13.103553540536497, 19.145740293968107, 12.61276573524111], "((1, 1), ((0, 0, 0), (0, 0, 0), (0, 1, 0)))": [72.62899999999982, 80.80999999999986, 80.40999999999985, 26.570391977354756, 34.89247760160493, 24.316410803194913, 89.89999999999989, 56.9892635915682], "((1, 0), ((0, 0, 0), (0, 0, 0), (0, 0, 0)))": [32.84077402890143, 56.3310621889379, 63.55385098903038, 53.308025880971286, 45.79406983009865, 32.243994588490324, 53.80842759803161, 55.78096987187434], "((1, 0), ((1, 1, 1), (0, 0, 0), (0, 0, 0)))": [20.080254533774216, 47.39488284329573, 49.73704806254476, 46.716295615733415, 24.421047042070118, 47.27389166220612, 49.065469428665764, 47.12160401679956], "((1, -1), ((0, 0, 1), (0, 0, 1), (0, 0, 1)))": [55.05883926683498, 54.93594306308101, 55.08935949559895, 55.13047521823886, 71.06231115562142, 54.55657499773018, 55.037018701477336, 55.18554561250898], "((1, -1), ((1, 1, 1), (0, 0, 1), (0, 0, 1)))": [42.31209020884248, 40.447334141235345, 48.73673758372655, 38.49938715947093, 46.105877187608584, 37.660715259803965, 39.66943847492142, 38.195513770816746], "((1, 0), ((0, 0, 0), (0, 0, 0), (1, 0, 0)))": [80.80999999999986, 60.94455701679384, 89.89999999999989, 55.772530846473934, 80.40999999999985, 30.595847289513276, 61.13328313157807, 60.130633502159455], "((1, 0), ((0, 0, 0), (1, 0, 0), (1, 0, 0)))": [89.49999999999989, 60.04667776869811, 99.99999999999994, 80.80999999999986, 89.49999999999989, 80.80999999999986, 89.89999999999989, 61.26457904318883], "((0, 0), ((1, 0, 0), (1, 0, 0), (1, 0, 0)))": [0.0, 0.0, 0.0, 0.0, 0.0, 0.0, 0.0, 0.0], "((-1, 1), ((1, 0, 0), (1, 0, 0), (1, 1, 1)))": [12.085237400739095, 13.216855872403423, 12.056744427033712, 12.099077199181709, 12.04715373382497, 12.028252518813947, 12.089168394374195, 11.9759950949287], "((0, -1), ((0, 0, 1), (0, 0, 1), (0, 0, 1)))": [99.99999999999994, 89.4999999999968, 89.89999999833346, 61.890258290159984, 89.89999997670229, 89.89999999999698, 89.49999999999923, 89.49999999999966], "((-1, -1), ((0, 0, 1), (0, 0, 1), (1, 1, 1)))": [89.87790274258433, 89.45863874528625, 89.4015249492887, 89.88160649650405, 89.46273691296959, 99.99999999973494, 89.47919117538477, 89.48118283756436], "((-1, 0), ((1, 0, 0), (1, 0, 0), (1, 1, 1)))": [89.42070410843772, 89.8837599420913, 89.49442017260267, 99.99999999630775, 89.34822375363707, 89.48554157036472, 89.45886658086144, 89.89205649264728]}