{"((1, 1), ((1, 1, 1), (1, 0, 0), (1, 0, 0)))": [29.91732824879142, 29.26944363305301, 30.152395137026993, 30.776435150986096, 31.282999824571792, 31.321468444830856, 37.65863621228275, 30.58497966432324], "((1, 1), ((1, 0, 0), (1, 0, 0), (1, 0, 0)))": [29.353139066665168, 36.76853069459318, 29.416418963916016, 29.44032299460534, 29.122988583815086, 29.30688171819643, 29.41096718322491, 29.577775983886816], "((1, 1), ((0, 0, 0), (0, 0, 0), (0, 0, 0)))": [32.980172190504575, 32.8395869062857, 36.54357647620074, 32.77354490185901, 32.13630698553897, 32.05822963760096, 41.993116324634045, 31.617856102283596], "((1, 1), ((0, 0, 1), (0, 0, 1), (0, 0, 1)))": [32.321021935434075, 29.485222149990605, 31.311045815697796, 30.15529576304229, 36.8611551653492, 32.84061373639279, 29.83144211695674, 30.74920011713546], "((1, 1), ((1, 1, 1), (0, 0, 1), (0, 0, 1)))": [30.918978575424784, 30.864277505705587, 30.81547342624342, 30.940326948645115, 35.424521599949884, 30.733777501543663, 30.5283390158965, 30.54035917287515], "((1, 1), ((0, 0, 1), (0, 0, 1), (0, 0, 0)))": [32.29237060119371, 29.852356381645862, 29.485903822419562, 31.31400194607254, 36.08037989858004, 30.128085249939478, 29.897417632685666, 30.526891999896762], "((1, 1), ((1, 1, 1), (0, 0, 0), (0, 0, 0)))": [30.852664109811926, 30.665184543593572, 33.264388965837966, 30.517823266672487, 30.92929235225932, 30.861653215960178, 30.881043466977427, 30.37878664426991], "((1, 1), ((0, 0, 1), (0, 0, 0), (0, 0, 0)))": [35.6535770516859, 30.12518377364993, 30.957439456740765, 30.356958474527097, 30.40445625395296, 31.4143524087274, 31.161195405058123, 30.263379827217374], "((0, 1), ((1, 0, 0), (1, 0, 0), (1, 0, 0)))": [50.24972272639284, 55.193289551834184, 50.38310576367011, 31.95228278967147, 50.226525720154314, 50.132943516951464, 57.1243147944628, 34.49613717120596], "((-1, 1), ((0, 0, 0), (0, 0, 0), (1, 1, 1)))": [61.720739674177096, 64.11612089606639, 65.27724244104549, 57.63742447318252, 63.136272952640844, 58.930586937977814, 61.9394229117039, 80.80989392831134], "((0, 1), ((0, 0, 0), (0, 0, 0), (0, 0, 0)))": [56.873486488705645, 57.176823247927246, 60.420757623654325, 34.99238017736697, 59.47154704190583, 35.972310999604154, 72.64156264729704, 35.43656001560564], "((-1, 1), ((1, 0, 0), (1, 0, 0), (1, 1, 1)))": [50.35262909414529, 54.68965815231582, 50.437195851017144, 50.309578656083076, 50.30611182213252, 50.330427168817664, 50.53312216887879, 54.47909635481674], "((1, 1), ((1, 0, 0), (0, 0, 0), (0, 0, 0)))": [33.9635187685844, 34.17221704913468, 34.284908369474095, 34.25360539739419, 34.42195104296241, 34.41821820996063, 34.063426277749194, 34.15780339692633], "((1, 1), ((1, 0, 0), (1, 0, 0), (0, 0, 0)))": [34.182455851409856, 34.21754027899913, 34.28268813755917, 34.21217466343443, 33.89902666754071, 33.97537505658569, 33.93285736158533, 34.62894630054862], "((1, 1), ((0, 1, 0), (0, 0, 0), (0, 0, 0)))": [31.53184188530916, 32.085886973180564, 34.32752280654013, 32.03353832654629, 32.114134970537904, 31.83085912406227, 32.02564372928612, 32.13512079398321], "((1, 1), ((0, 0, 0), (0, 0, 1), (0, 0, 1)))": [38.89397437311051, 64.86608373100043, 36.47507532051481, 65.26609390450434, 40.330136181850776, 39.40106340262507, 64.86607513688188, 72.62899999999982], "((0, 1), ((0, 0, 1), (0, 0, 1), (0, 0, 0)))": [62.148702187529175, 80.40999999999985, 80.80999999999986, 32.64256123535147, 65.8849767061499, 36.71230165760984, 89.89999999999989, 80.40999999999985], "((1, 1), ((0, 0, 0), (0, 0, 0), (0, 0, 1)))": [40.228590824315766, 72.62899999999965, 65.26572930325638, 42.18981363295893, 41.48433867572625, 41.26677064711525, 64.86501435027702, 41.942887612648995], "((1, 0), ((0, 0, 0), (0, 0, 0), (1, 0, 0)))": [72.62703975767961, 72.6300490949877, 80.80999999999838, 66.17131595360516, 72.22768133896214, 43.78248801095723, 73.45751600222451, 73.9544446528578], "((1, 0), ((0, 0, 0), (0, 0, 0), (0, 0, 0)))": [42.06559944653292, 73.7047960353114, 70.41948152540034, 65.7119844066527, 53.513266976767305, 42.03156762057084, 76.49373587300515, 72.9522965254374], "((1, -1), ((0, 0, 1), (0, 0, 1), (0, 0, 1)))": [77.39971470173658, 73.93831568989557, 76.9429023243501, 74.60877663522002, 87.98076176710602, 70.39449197044603, 74.6217928974176, 74.22781125118051], "((1, 1), ((0, 0, 0), (0, 0, 0), (0, 1, 0)))": [65.26609571999333, 72.62899628982461, 72.22899730688866, 41.149258872268994, 65.26609862401774, 39.48204326551044, 80.80999999999986, 66.54124883124423], "((-1, 1), ((0, 0, 1), (0, 0, 0), (1, 1, 1)))": [62.132212971120396, 89.89999999999989, 80.40999999999985, 80.80999999999986, 80.40999999999985, 60.00999898839968, 80.40999999999985, 80.40999999999985], "((1, 0), ((0, 0, 0), (1, 0, 0), (1, 0, 0)))": [80.40999884378527, 75.13475293554372, 89.89999999999989, 72.62899725813982, 80.40999808053411, 72.62899956962573, 74.36968174543286, 75.40944964526078], "((0, 0), ((1, 0, 0), (1, 0, 0), (0, 0, 0)))": [0.0, 0.0, 0.0, 0.0, 0.0, 0.0, 0.0, 0.0], "((-1, 1), ((0, 1, 0), (0, 0, 0), (1, 1, 1)))": [80.80999999999986, 89.89999999999989, 89.49999999999989, 89.49999999999989, 89.49999999999989, 80.80999999999986, 89.49999999999989, 99.99999999999994], "((1, 0), ((1, 0, 0), (1, 0, 0), (1, 0, 0)))": [89.4994635466428, 75.49917524041537, 99.99999999999994, 80.80956797115147, 89.49964870577216, 89.49985350172349, 89.8994352355197, 75.93741769678962], "((-1, 0), ((1, 0, 0), (0, 0, 0), (1, 1, 1)))": [89.89981533112429, 89.88409068725625, 89.49854972812105, 99.99999999999994, 89.4995991349317, 89.499830868728, 89.49945581006712, 89.89397204628848], "((1, -1), ((1, 1, 1), (0, 0, 1), (0, 0, 1)))": [54.520269332522986, 43.529343257634785, 61.69744082904554, 43.939647499562774, 63.19237543925839, 45.84236480398168, 48.447703497067366, 50.81701024909429], "((1, 0), ((1, 1, 1), (0, 0, 0), (0, 0, 0)))": [38.87070900837982, 47.444424399746914, 61.25779887397617, 57.88692579690871, 42.82858474990001, 52.95922782301701, 71.56654383102175, 59.52303570769539], "((0, -1), ((0, 0, 1), (0, 0, 1), (0, 0, 1)))": [99.99999771703594, 89.18343985089362, 86.31002119410903, 73.69822567676566, 89.52275357860583, 89.21558529070178, 88.58151308384718, 88.34609420867301], "((-1, -1), ((0, 0, 1), (0, 0, 1), (1, 1, 1)))": [84.18293545662495, 84.81774455438256, 82.76503021450473, 89.06331005732328, 85.52307011475823, 99.99734386011123, 82.75909705228327, 86.87978124977607]}