{"((1, 1), ((1, 1, 1), (1, 0, 0), (1, 0, 0)))": [27.796755231766483, 27.19332832115133, 27.908286368340097, 27.867470634434333, 26.98739402592373, 27.841374383429617, 37.78264321153763, 27.826629496700033], "((1, 1), ((1, 1, 1), (0, 0, 0), (0, 0, 0)))": [27.955835892534296, 27.8985982118309, 28.114642186674068, 28.014676770847505, 28.122779245630635, 27.861731392776655, 29.79600444961685, 28.16250691621201], "((1, 1), ((1, 0, 0), (1, 0, 0), (1, 0, 0)))": [27.829566887286983, 27.946944912443318, 28.38964295528175, 27.759377162163386, 27.54179683829631, 27.73200149365045, 35.51768867020887, 27.662504743936672], "((1, 1), ((0, 0, 0), (0, 0, 0), (0, 0, 0)))": [30.47434295433755, 28.64437792914154, 31.64486649379944, 30.505304989614466, 33.818852602650495, 30.72460503425504, 42.065597625200475, 29.109883546881168], "((1, 1), ((0, 0, 0), (0, 0, 1), (0, 0, 1)))": [29.894691729540824, 29.7147089127373, 29.022992822032087, 28.86292409281046, 36.984254491445256, 30.520438847677564, 28.8882939324923, 28.93987079014376], "((1, 1), ((0, 0, 1), (0, 0, 1), (0, 0, 1)))": [29.8614312931205, 29.65167852323316, 29.904006298433742, 29.711243454142988, 36.982521408171934, 29.739621523842345, 29.66175349242063, 29.817046537642586], "((1, 1), ((0, 0, 1), (0, 0, 1), (0, 0, 0)))": [30.59661116179015, 29.371327452039896, 29.715752764911773, 29.780259112499603, 36.20267232911986, 30.591788192618345, 29.414974847863515, 29.908230570236086], "((1, 1), ((0, 1, 0), (0, 0, 0), (0, 0, 0)))": [31.523872762412516, 31.596208249200593, 32.486884948366395, 31.543998454930666, 31.210858414249742, 31.274312414931245, 31.447492823374468, 31.557902887025175], "((1, 1), ((1, 0, 0), (1, 0, 0), (0, 0, 0)))": [32.95529178645245, 32.67897682831761, 32.86588572690761, 33.003722120854576, 33.047341290883764, 32.87719233795571, 32.721394534280115, 32.66410812792133], "((1, 1), ((1, 0, 0), (0, 0, 0), (0, 0, 0)))": [33.079798358772294, 32.8292769054676, 32.65228934230137, 33.14308422699767, 32.674737636603076, 32.89659543145192, 32.98465989661884, 32.79264861718322], "((0, 1), ((0, 0, 0), (0, 0, 0), (0, 0, 0)))": [51.106202471640316, 52.54262227101424, 50.70291463411745, 31.277564215634843, 55.03161233154461, 31.828051571869587, 72.62892269987898, 31.201148151151912], "((-1, 1), ((0, 0, 0), (0, 0, 0), (1, 1, 1)))": [50.289085271655075, 80.80999307784354, 52.43820407481972, 53.20184337804863, 52.28763360796374, 53.36977523940662, 54.663015469245906, 58.6934553736911], "((0, 1), ((1, 0, 0), (1, 0, 0), (1, 0, 0)))": [51.1879136440793, 50.90558141157041, 51.20377863454188, 33.698595687688034, 50.78057826728875, 50.774358944579, 51.198333216936476, 37.084109900315475], "((-1, 1), ((1, 0, 0), (1, 0, 0), (1, 1, 1)))": [53.259712777260496, 54.07700201323316, 53.30543938618593, 52.98099997739998, 52.759362075225845, 52.71460430237609, 52.95804550434045, 53.4432283001977], "((0, 1), ((0, 0, 1), (0, 0, 1), (0, 0, 0)))": [59.77382544341393, 80.40999999999985, 80.80999999999986, 31.34567253116225, 57.58277047672293, 35.081095230181674, 89.89999999999989, 80.40999999999985], "((-1, 1), ((0, 0, 1), (0, 0, 0), (1, 1, 1)))": [61.505606327204795, 89.89999999999989, 80.40999999999985, 80.80999999999986, 80.40999999999985, 57.277630983623844, 80.40999999999985, 80.40999999999985], "((1, 1), ((0, 0, 1), (0, 0, 0), (0, 0, 0)))": [35.255516431079634, 29.43029859814611, 29.46500196786894, 29.242913189460698, 29.386000321876846, 29.363347566407707, 29.31887037484187, 29.354759001599124], "((1, 1), ((0, 0, 0), (0, 0, 0), (0, 1, 0)))": [30.483234304667192, 30.41968213825384, 30.22114255725043, 30.541564068074315, 30.97993508536271, 30.418083364541083, 30.5500879613092, 30.515419600905577], "((1, 1), ((0, 0, 0), (0, 0, 0), (1, 0, 0)))": [30.81753047419014, 31.736088760400065, 31.002916957028937, 31.01122525835654, 30.72014902408463, 30.650610697469382, 30.90433860459761, 30.763595110618823], "((1, 0), ((0, 0, 0), (0, 0, 0), (1, 0, 0)))": [36.688744545181876, 67.56450354145235, 80.80999999999986, 58.48352529482426, 72.22899999999981, 38.21013460233103, 64.60715027018351, 66.73104662654352], "((1, 0), ((0, 0, 0), (0, 0, 0), (0, 0, 0)))": [35.36924911060944, 58.019704036703246, 59.39702077240742, 51.78985777644784, 35.01423003050164, 35.98447220123739, 69.12359625720686, 58.22502781595104], "((1, -1), ((0, 0, 1), (0, 0, 1), (0, 0, 1)))": [58.48820098386339, 57.35948566442678, 59.70054317542068, 52.860881968177935, 78.36779792102531, 54.051655301977824, 56.5167635528866, 61.93544552388347], "((1, 0), ((0, 0, 0), (1, 0, 0), (1, 0, 0)))": [80.40999999999985, 64.85321023849599, 89.89999999999989, 72.62899999999982, 80.40999999999985, 35.9736080670468, 66.99952809911464, 65.33760772813733], "((1, 0), ((1, 1, 1), (0, 0, 0), (0, 0, 0)))": [36.57723855925423, 47.4904811933749, 48.18132677227268, 47.17502257435982, 38.0968908983565, 45.676880463497206, 58.97697415058104, 47.1700902645297], "((1, -1), ((1, 1, 1), (0, 0, 1), (0, 0, 1)))": [47.77330628711427, 47.63053405725473, 55.034678296045236, 47.77297459571039, 47.989309992353185, 47.940149458781754, 48.07385202629558, 47.612827514059], "((1, 1), ((0, 0, 0), (0, 0, 0), (0, 0, 1)))": [29.558088300069336, 29.680298225469084, 29.677428016623637, 29.708813674146732, 32.857912024846705, 29.512952709917833, 29.69080514818551, 29.585673105614326], "((1, 1), ((0, 0, 0), (1, 0, 0), (1, 0, 0)))": [31.30717164583885, 31.230330806596392, 31.044509899478353, 31.45252813766948, 31.234442295516025, 31.25085810742412, 31.29013963340903, 32.096365013936804], "((-1, 1), ((0, 1, 0), (0, 0, 0), (1, 1, 1)))": [80.80999999999986, 89.89999999999989, 89.49999999999989, 89.49999999999989, 89.49999999999989, 80.80999999999986, 89.49999999999989, 99.99999999999994], "((1, 0), ((1, 0, 0), (1, 0, 0), (1, 0, 0)))": [89.49999999999989, 67.44362926725844, 99.99999999999994, 80.80999999999986, 89.49999999999989, 89.49999999999989, 89.89999999999543, 70.7324788949978], "((0, -1), ((0, 0, 1), (0, 0, 1), (0, 0, 1)))": [99.99999999999936, 89.48775235144988, 89.83830527289852, 68.55236149838467, 89.89527731173737, 89.89447474771802, 89.4640926188121, 89.47894014994567], "((0, 0), ((1, 0, 0), (1, 0, 0), (0, 0, 0)))": [0.0, 0.0, 0.0, 0.0, 0.0, 0.0, 0.0, 0.0], "((-1, 0), ((1, 0, 0), (0, 0, 0), (1, 1, 1)))": [89.89961672377622, 89.86808208511204, 89.49736756198051, 99.99999999999994, 89.49897506193582, 89.4966030414874, 89.49949056019183, 89.88564211791437], "((-1, -1), ((0, 0, 1), (0, 0, 1), (1, 1, 1)))": [88.4123634058681, 88.3420017672237, 84.91535862335725, 88.8930140703336, 87.786920410481, 99.99907386128689, 86.81234377135367, 87.58594301289595]}