{"((1, 1), ((1, 1, 1), (1, 0, 0), (1, 0, 1)))": [10.59160907408506, 103.8426464542427, 5.5368958065277045, 10.572842425816765, 10.535135305548007, 14.095567705212883, 13.103542403566282, 21.981349600902035], "((1, 1), ((1, 1, 1), (0, 0, 0), (0, 1, 1)))": [5.893463728584901, 115.34570075893993, 17.78898043706144, 5.915091190984855, 5.953808568530073, 5.88089881761833, 5.883429679838916, 5.8337979448451645], "((1, 1), ((1, 0, 0), (1, 0, 1), (1, 0, 1)))": [5.809894034241778, 5.776160924385378, 5.824491437216313, 5.83540955266252, 5.833496525607852, 5.788054043238902, 5.8626686352488875, 5.844511656075999], "((1, 1), ((1, 1, 1), (0, 0, 0), (1, 1, 0)))": [12.25297941745767, 6.116275713563196, 21.525644557121907, 43.81413073012057, 29.81298747756885, 6.042777231338139, 128.21179473166217, 24.56180431796122], "((1, 1), ((1, 1, 1), (0, 0, 1), (1, 0, 1)))": [6.19892534033901, 6.357537959982606, 6.4198169308403035, 6.234662673351011, 6.162659108948, 6.474576877306554, 6.204456907911661, 6.170251099856924], "((1, 1), ((0, 0, 1), (1, 0, 1), (0, 0, 0)))": [18.48422849763078, 51.69999459510194, 142.64458487925472, 7.735399185226331, 6.2574638678576795, 37.449028479735105, 15.694281308127293, 16.049588295915502], "((1, 1), ((1, 0, 1), (0, 0, 0), (0, 1, 1)))": [6.494946325576022, 6.44620512267212, 13.835676317290865, 35.54296851316295, 100.00872065819414, 21.170903482102993, 14.274362626886884, 6.380934711332644], "((1, 1), ((1, 1, 0), (1, 0, 0), (1, 0, 1)))": [6.28117723562692, 30.02603453096879, 6.3211647509001025, 6.264464967230852, 6.269818356316844, 6.29143308617698, 6.281357155868744, 6.285024353621722], "((1, 1), ((1, 0, 0), (1, 0, 1), (0, 0, 1)))": [6.4528729289199696, 6.525069336174656, 7.270417981869017, 8.461748025582306, 111.09529358011962, 23.49824939318095, 6.464265973550272, 6.441184120651094], "((1, 1), ((1, 0, 1), (0, 0, 1), (1, 0, 1)))": [6.585972721231596, 6.537398110606149, 6.540077221083865, 29.5144061292639, 6.483173654568712, 6.524545730884765, 6.58500123508151, 6.5112470082205585], "((1, 1), ((0, 1, 0), (0, 0, 0), (1, 1, 0)))": [6.335432787391165, 6.855369762871639, 23.851230258773967, 19.592493565130283, 7.289609853844394, 6.442767398453514, 123.4845756852438, 39.03334878904221], "((1, 1), ((1, 0, 1), (1, 0, 1), (1, 0, 0)))": [6.405238177785769, 6.478210378800093, 6.445154904401789, 6.415767337036315, 6.382764526686803, 6.43670965360033, 16.61318842157734, 6.473619457350786], "((1, 1), ((1, 0, 1), (1, 0, 1), (1, 0, 1)))": [6.062714459209353, 6.088939854806957, 6.132009832411838, 6.116640364654153, 6.139011784722889, 6.078073068215218, 6.106336066186717, 6.127877658412431], "((1, 1), ((1, 0, 1), (1, 0, 0), (1, 1, 1)))": [6.469243514484499, 14.309635887701997, 6.400555995335036, 6.448670804740194, 6.418992288540008, 6.4590283632211145, 6.434187809369913, 6.400561055732945], "((1, 1), ((0, 1, 0), (0, 0, 0), (1, 1, 1)))": [6.492676300268612, 6.472266928846171, 6.503669215743913, 6.4334189477924015, 6.500412536678082, 57.386945113051965, 6.411428959154674, 6.482814350822491], "((1, 1), ((1, 0, 1), (0, 0, 0), (1, 1, 1)))": [211.58843573653814, 7.297603149723033, 24.87764569910748, 15.860109237932722, 24.383210270128103, 25.040137141017844, 18.84149485733593, 25.022298256966085], "((1, 1), ((0, 1, 1), (0, 0, 0), (1, 1, 0)))": [6.9840660970237245, 7.5415631869266635, 6.99874205008737, 7.075766279291667, 6.973839278809904, 7.036061498707336, 7.0753219246451895, 6.935386382092897], "((1, 1), ((1, 0, 0), (1, 0, 1), (0, 0, 0)))": [6.888816443853881, 6.869337647441719, 6.988830244659212, 6.881980231348351, 6.975281644797895, 6.9225597668125705, 6.932980438543845, 6.884339619773286], "((1, 1), ((1, 1, 0), (0, 0, 0), (1, 1, 1)))": [6.802982197668244, 6.817668617180656, 7.469956978929775, 6.838658612433106, 7.459014058882917, 6.784365824396962, 7.495014573113113, 15.069367042866656], "((1, 0), ((1, 0, 1), (0, 0, 1), (1, 0, 1)))": [7.005526735429287, 6.968855960775154, 6.987501112135355, 6.946182578369935, 6.921321372536522, 6.9403846078128115, 6.901324617795401, 6.992821672050238], "((1, 0), ((0, 0, 1), (1, 0, 1), (0, 0, 1)))": [7.088913172541101, 7.076617512280256, 7.022082790752654, 7.037619638479235, 7.08983771013085, 6.918736801792687, 7.062075968437716, 7.064502710310752], "((1, 1), ((1, 0, 1), (0, 0, 1), (1, 1, 1)))": [7.114074080390845, 7.174385112319462, 7.202554175006143, 7.155320728178359, 7.13446081976579, 7.237538206408946, 7.142764492780403, 7.155690494483975], "((1, 1), ((1, 1, 0), (0, 0, 0), (0, 1, 1)))": [36.15787684939046, 69.24982197847693, 192.04466028977816, 188.13578128569105, 236.00092842861727, 200.95789258198488, 197.31894182592092, 57.106906724039405], "((1, 1), ((1, 0, 0), (1, 0, 1), (1, 0, 0)))": [210.42691840251166, 211.01974555898374, 203.66691145727884, 34.72748019802588, 212.4509633145598, 214.21237279978382, 263.37521498910723, 192.90697038439927], "((1, 0), ((1, 0, 1), (0, 0, 1), (1, 1, 1)))": [7.005918314425036, 7.064316604823766, 6.993511399392497, 6.990248243494664, 7.038764126073274, 6.9526805222253, 6.973736664404402, 7.002379325474526], "((1, 1), ((1, 1, 1), (0, 0, 0), (1, 1, 1)))": [6.736824874349214, 6.578608621399338, 6.757818923376853, 6.771247174570197, 6.728383388331339, 6.666489496793603, 6.738528308564307, 6.824833297896922], "((1, 0), ((1, 1, 1), (0, 0, 1), (1, 0, 1)))": [6.953686157791282, 6.970697030606471, 6.967317001812881, 7.027137789280683, 6.846416900543449, 7.007143272914041, 6.973111398576038, 7.015441434443144], "((1, 0), ((0, 0, 1), (1, 0, 1), (1, 0, 1)))": [6.902624207318331, 6.943186188367437, 6.920347323862756, 6.936738556628278, 6.88211984783763, 6.967291429558215, 6.953172615783311, 6.896941160516938], "((1, 1), ((1, 0, 1), (1, 0, 0), (1, 0, 0)))": [182.364310458629, 245.59546952088974, 186.46968203748418, 186.86550756386882, 179.52850168270098, 184.81857837419997, 191.129148980398, 182.1342512467043], "((1, 1), ((0, 1, 1), (0, 0, 0), (0, 0, 0)))": [208.7683930192526, 232.22397494773378, 253.87607491274323, 237.7772670853405, 233.1733317558881, 161.01214920585002, 293.81599379441496, 225.76253542218882], "((0, 1), ((0, 0, 0), (0, 0, 0), (1, 1, 1)))": [279.2706381356382, 327.12226479536463, 279.555418537321, 247.0850751819446, 278.5933642267037, 246.78140095706718, 278.5758801709128, 294.3033539972644], "((0, 1), ((1, 0, 0), (1, 0, 0), (1, 1, 1)))": [185.23896895965802, 270.39318498113334, 185.78361182133534, 181.83336789558533, 181.4087263131265, 184.92747377729125, 184.62761423905764, 197.25891427839466], "((1, 0), ((1, 0, 1), (1, 0, 1), (1, 0, 1)))": [7.029497311479485, 6.980350310996473, 6.9720197337489305, 6.991059806893336, 6.947774227587182, 7.0084062576873825, 6.962950428733542, 7.025118708142842], "((1, 0), ((1, 0, 1), (1, 0, 1), (0, 0, 1)))": [7.0178585905668065, 7.058970237043049, 7.036002455228007, 7.020706157992272, 6.968767896489781, 7.039890163736342, 7.03358922686357, 7.01279986319182], "((1, 1), ((1, 1, 1), (0, 0, 0), (0, 0, 0)))": [216.78493048084616, 222.81620049818068, 281.7273446457305, 219.45100449842343, 228.13276026100758, 226.05830920564068, 214.16239295180577, 227.40751142366614], "((1, 1), ((1, 1, 0), (0, 0, 0), (0, 0, 0)))": [202.89407777021603, 202.51194036828147, 272.8717445980819, 213.01472437000552, 208.13875274529, 206.38344263723323, 219.48123731208355, 56.947467792819765], "((1, 1), ((1, 0, 1), (0, 0, 0), (0, 0, 0)))": [199.44508042046624, 222.8467496032384, 264.79037991774896, 58.11777180616715, 212.13327258173888, 187.88768427453465, 223.61390112655957, 203.67025180235407], "((0, 0), ((0, 0, 1), (0, 0, 1), (1, 1, 1)))": [0.0, 0.0, 0.0, 0.0, 0.0, 0.0, 0.0, 0.0], "((1, 0), ((1, 1, 1), (0, 0, 1), (0, 0, 1)))": [229.60154504142568, 449.1660120493254, 499.9999999999998, 448.1324796279479, 226.71646219090667, 448.237575878691, 448.82783625796634, 449.0086677076081]}