{"((1, 1), ((1, 1, 1), (1, 0, 0), (1, 1, 1)))": [21.641955295640624, 24.624264037103465, 21.683063887699447, 21.632916416271236, 21.687381977130997, 21.672135650751706, 21.686210300495183, 21.660081234338687], "((1, 1), ((1, 1, 1), (0, 0, 0), (1, 1, 1)))": [23.346505014211324, 27.525811065096242, 23.4913898556414, 23.470472552714998, 23.52204759550908, 23.516565462655556, 23.542086389580945, 23.543990002131117], "((1, 1), ((1, 1, 1), (0, 0, 0), (1, 1, 0)))": [24.58510188667002, 39.9893872629386, 39.57851856676854, 39.57377343262922, 39.61036000794482, 39.57877110505471, 44.73081696129944, 39.575872928195736], "((1, 1), ((0, 0, 0), (1, 0, 1), (1, 0, 1)))": [44.17300217457574, 44.16824165533598, 49.81099801292166, 39.994523075972594, 44.16224546334076, 39.99675447947322, 44.11495777737335, 39.98117298014826], "((1, 1), ((1, 0, 1), (1, 0, 1), (1, 0, 1)))": [48.851853065605354, 48.50375139804867, 55.30578950013049, 47.88669691846218, 48.596023073159685, 48.574097380636985, 48.81312559599636, 48.584077414917296], "((1, 1), ((1, 1, 1), (0, 0, 0), (1, 0, 1)))": [39.932527498412504, 40.2854380822884, 44.584216451862275, 39.53231888966792, 39.52847358294371, 39.51913678317442, 39.497688478920686, 39.52895249428016], "((1, 1), ((1, 1, 1), (0, 0, 0), (0, 1, 0)))": [39.90350367553304, 44.301559681295345, 40.60038513910697, 40.82556948503001, 44.53374071184658, 40.92825710327589, 41.11090589462224, 40.70306161431574], "((1, 0), ((0, 0, 1), (1, 0, 1), (1, 0, 1)))": [41.0127455598096, 41.02385333841368, 36.02726961655341, 44.22125863125982, 41.72848062693727, 41.47632829085732, 41.03380069496522, 41.363429837935286], "((1, 0), ((1, 1, 1), (0, 0, 1), (1, 0, 1)))": [44.32851487835989, 44.1807665421887, 80.57810601125, 44.216497038032784, 43.6856060771573, 44.02383025293448, 46.184033638957324, 46.65317358095956], "((1, 0), ((1, 0, 1), (1, 0, 1), (1, 0, 1)))": [36.25484070577198, 36.29359949386662, 36.135254236544334, 40.038474860895136, 36.34607238229103, 36.01583620159428, 36.25775941632064, 36.35396294350686], "((1, 1), ((1, 0, 1), (1, 0, 1), (1, 0, 0)))": [64.86609999999979, 64.86609999999979, 65.2660999999998, 49.5962743456313, 64.86609999999979, 64.86609999999979, 72.62899999999982, 64.86609999999979], "((1, 0), ((1, 0, 1), (1, 0, 1), (1, 1, 1)))": [28.98794002950181, 30.350083613240567, 29.946163367085084, 36.74115247150829, 28.54925479536574, 30.151235913667012, 30.935413246159406, 30.2846506871135], "((1, 1), ((0, 1, 1), (0, 0, 0), (1, 1, 0)))": [65.2660999999998, 69.55998926692739, 72.22899999999981, 72.22899999999981, 72.22899999999981, 65.2660999999998, 80.80999999999986, 72.22899999999981], "((1, 0), ((0, 0, 1), (1, 0, 1), (0, 0, 1)))": [80.40999999999985, 80.40999999999985, 89.89999999999989, 69.86182425538236, 89.89999999999989, 72.62899999999982, 80.40999999999985, 80.40999999999985], "((1, 1), ((1, 1, 0), (0, 0, 0), (0, 1, 0)))": [80.80999999999986, 89.89999999999989, 89.49999999999989, 89.49999999999989, 80.80999999999986, 89.49999999999989, 99.99999999999994, 80.80999999999986], "((1, 0), ((1, 0, 1), (0, 0, 1), (1, 0, 1)))": [89.89999999999989, 89.49999999999989, 99.99999999999994, 80.80999999999986, 89.49999999999989, 89.49999999999989, 89.49999999999989, 89.49999999999989], "((0, 0), ((0, 0, 1), (1, 0, 1), (1, 0, 1)))": [0.0, 0.0, 0.0, 0.0, 0.0, 0.0, 0.0, 0.0], "((1, 1), ((1, 0, 1), (1, 0, 0), (1, 1, 1)))": [64.86609999999979, 72.62899999999982, 64.86609999999979, 65.2660999999998, 64.86609999999979, 64.86609999999979, 64.86609999999979, 64.86609999999979], "((1, 1), ((1, 1, 1), (1, 0, 0), (1, 0, 1)))": [80.40999483612508, 89.89999999999989, 80.80994548174192, 80.4093782611652, 80.40993629865254, 80.40990454853939, 80.4099326717219, 80.40931026584691], "((0, 1), ((1, 0, 0), (1, 0, 1), (0, 0, 1)))": [80.40987590711681, 80.409656312769, 72.62828778908688, 80.80986334950653, 72.62834933412778, 80.4099949865186, 80.40967797196065, 89.89999999999989], "((-1, 1), ((1, 1, 0), (0, 0, 0), (1, 1, 1)))": [57.074107336845586, 71.2436357184733, 71.23096197320629, 70.70700420514261, 70.380060068097, 71.1204430707527, 70.44843764543535, 80.80994761946553], "((-1, 1), ((1, 0, 1), (0, 0, 1), (1, 1, 1)))": [70.9845944255433, 68.622559094574, 71.0894091070399, 80.80995543276858, 71.08345723529656, 70.02333370212747, 70.58834052653471, 68.48270213540275], "((-1, 1), ((1, 1, 1), (0, 0, 0), (1, 1, 1)))": [45.09423647722775, 69.00005830971277, 23.011828331539853, 37.17744498741593, 40.89708047203809, 40.036786827521894, 37.84061080620698, 44.073938476165715], "((-1, 1), ((0, 1, 1), (0, 0, 0), (1, 1, 1)))": [0.0, 2.555187285598019, 0.0, -0.05, 0.0, 0.0, 0.0, 0.0]}