{"((1, 1), ((1, 1, 1), (1, 0, 1), (1, 0, 1)))": [62.66473825014875, 62.8180671153428, 74.19741163529899, 61.325398237710914, 63.68814774324501, 62.05111349682862, 62.20951406111141, 63.329843801441775], "((1, 1), ((1, 0, 1), (1, 0, 1), (1, 0, 1)))": [69.87927190901485, 69.81438229953888, 82.55268023349328, 61.93831845968539, 66.94979901414172, 69.80660675963179, 70.5089469286871, 71.11637696517275], "((1, 1), ((1, 0, 1), (1, 0, 1), (1, 0, 0)))": [77.07889229607771, 76.99169504831755, 76.36027404407218, 69.49252459435056, 75.87036689177788, 77.60669372317093, 91.83631145470505, 77.52250542179397], "((1, 1), ((1, 0, 1), (1, 0, 0), (1, 1, 1)))": [74.37500728417567, 82.43161667495917, 73.28781354364804, 74.44332819493548, 74.51472514663719, 74.21970294618639, 74.87506995929321, 74.36489533567487], "((1, 1), ((0, 1, 0), (0, 0, 0), (1, 1, 1)))": [82.02888809242081, 80.36683990533407, 82.008084627137, 81.56387868232127, 81.58170399614204, 82.00220808915401, 82.3063147621187, 102.15145717913323], "((1, 1), ((1, 0, 1), (1, 0, 1), (0, 0, 1)))": [97.81999866683829, 94.60415249388345, 82.27584259796168, 113.61273019935476, 86.9660311847528, 95.34525728705714, 96.97962008677672, 90.4592687126045], "((1, 1), ((1, 0, 1), (0, 0, 1), (1, 1, 1)))": [80.14878583200336, 78.53100481076308, 77.01808325643513, 96.55722510988214, 77.2944876230812, 77.82836310488797, 77.56188013909426, 77.60937602107057], "((1, 1), ((1, 0, 0), (1, 0, 1), (1, 0, 1)))": [102.14678869265391, 106.42718427208496, 98.80779675063334, 91.69554473526958, 108.24625613389014, 99.94467259249679, 103.08340119574719, 126.34747799928311], "((1, 1), ((1, 1, 1), (1, 0, 0), (1, 0, 1)))": [73.97038907994391, 74.14633571387043, 111.55294388345995, 73.95968360711228, 76.11997903294086, 73.63282288991945, 72.85705754385238, 73.50395281187127], "((1, 1), ((1, 1, 1), (0, 0, 0), (0, 1, 1)))": [87.86806754443164, 140.4971977769813, 109.19544226053449, 119.85018779765132, 110.16297299614341, 118.66608197161403, 119.4047632292471, 116.93289622016461], "((1, 1), ((1, 1, 1), (0, 0, 0), (1, 1, 0)))": [124.60395309446055, 140.4979498696478, 140.0974842780217, 140.09856738446106, 140.0976403728674, 140.09801719026655, 156.2191086410905, 140.10176753210888], "((1, 1), ((0, 0, 1), (1, 0, 1), (0, 0, 0)))": [155.82079311922755, 155.82117269689067, 173.6878984901004, 140.4981239827023, 173.6878984901004, 140.4982445794468, 86.94537313571598, 155.82245112500988], "((1, 1), ((1, 0, 1), (0, 0, 0), (0, 1, 1)))": [173.70226644312703, 84.51910384670349, 173.30044519112462, 156.23349431730827, 193.0976649890003, 173.30796120374006, 173.30025454653637, 173.29808716615486], "((1, 1), ((1, 0, 0), (1, 0, 1), (0, 0, 1)))": [73.06721255334709, 74.34644112315951, 74.69368821019061, 74.4812314167125, 79.5376360912507, 72.14662270292908, 73.73911285275923, 74.36649448894258], "((1, 1), ((1, 1, 0), (1, 0, 0), (1, 0, 1)))": [173.30968232413608, 173.6907269677583, 193.0976649890003, 173.29449707850642, 173.29884080767135, 173.29876813655468, 173.29203578943222, 156.22139012369183], "((1, 1), ((1, 0, 0), (1, 0, 1), (1, 0, 0)))": [192.69991623826706, 192.7028298793796, 214.66407221000014, 173.6902524984384, 192.69836111533328, 192.69830913720105, 214.66407221000014, 173.68929754051928], "((1, 1), ((1, 0, 1), (1, 0, 0), (0, 0, 1)))": [214.26479343272177, 214.66769339372578, 238.6267469, 193.1173369768364, 126.28353329814361, 214.26698122651987, 214.26819498560013, 214.26501374858725], "((1, 1), ((1, 1, 0), (0, 0, 0), (1, 1, 0)))": [91.28584656669106, 91.54025150892002, 91.1701596417796, 91.16936335011937, 91.87129711492327, 91.0172395870959, 225.63859974552508, 104.3426258058278], "((1, 1), ((1, 1, 1), (0, 0, 1), (1, 0, 1)))": [140.68326578026807, 140.24697338887154, 156.2191124553296, 140.20406053043567, 140.17766075305906, 140.27555703330935, 140.23419657571813, 140.30375205183174], "((1, 1), ((0, 1, 1), (0, 0, 0), (0, 1, 1)))": [214.66677750340546, 107.91367985047847, 214.3050461657975, 214.27861365625543, 238.6267469, 193.11857683555843, 214.26857625190934, 214.29940632384594], "((1, 1), ((1, 0, 0), (0, 0, 1), (1, 0, 1)))": [112.67148630542417, 238.2286512404344, 265.2519409999999, 214.66439372657604, 238.2271838428234, 238.22758563206915, 238.22933765940243, 214.6642510938826], "((1, 1), ((1, 1, 1), (0, 0, 0), (1, 1, 1)))": [148.39021464654837, 88.3964471706298, 85.43132445588988, 84.33767931833009, 84.78241050995916, 85.11807554271944, 85.32566626810018, 85.22486321507645], "((1, 0), ((1, 0, 1), (1, 0, 1), (0, 0, 1)))": [90.59369422655939, 91.71888229197963, 91.50273731185582, 90.74926306401402, 95.0709381051945, 91.67901325928814, 91.7910018838271, 91.51342372669524], "((1, 1), ((1, 1, 1), (0, 0, 0), (0, 1, 0)))": [76.3637650251176, 76.40921992660354, 76.05753311156894, 75.90695965108027, 76.34095683727357, 76.1466343266137, 76.62484196252447, 76.06166010896462], "((1, 0), ((1, 1, 1), (0, 0, 1), (1, 0, 1)))": [80.04969601512488, 80.84498324188456, 80.60676516467201, 81.06419297435404, 80.5000687108272, 80.99328612218626, 80.3115820998128, 80.72229026699705], "((1, 1), ((0, 0, 1), (1, 0, 1), (0, 0, 1)))": [264.85303317033953, 264.8527829664398, 294.8354899999996, 238.63081212726357, 290.64463111792537, 143.48683372904233, 264.85381842938784, 264.8554398757936], "((1, 1), ((1, 1, 0), (0, 0, 0), (0, 1, 0)))": [264.35328945975556, 295.13359046516797, 291.6668816062539, 291.73657824164417, 264.14371023864885, 291.6477059415972, 323.62351661040697, 265.37680007147503], "((1, 1), ((1, 1, 1), (1, 0, 0), (0, 0, 1)))": [259.2412760525604, 293.06777706378796, 263.08597320971603, 260.97683867139267, 236.2978774312844, 259.5270587985582, 263.5010343223134, 263.2770813591473], "((1, 1), ((1, 0, 1), (0, 0, 1), (1, 0, 0)))": [290.40423958683, 294.43693554101213, 321.8947526533416, 265.2539765812804, 294.4393968847213, 294.4380789023754, 327.7060999999993, 294.43899628917575], "((1, 1), ((1, 0, 0), (0, 0, 1), (1, 0, 0)))": [236.29110423697148, 264.124109021921, 262.65609634306986, 263.63153322316214, 263.7768837951402, 263.3444006041402, 292.9705802374809, 292.94044047370625], "((0, 1), ((0, 0, 1), (1, 0, 0), (1, 1, 1)))": [237.89566704468785, 293.91902533769365, 234.07045659833358, 255.44154009328588, 233.86329790560117, 227.21216305826354, 239.23259401368503, 245.03140625210855], "((1, 1), ((0, 1, 0), (0, 0, 0), (0, 0, 0)))": [323.1529575848687, 364.228999999999, 360.73456265898176, 327.3068897312661, 324.05449807640053, 294.8386142785002, 359.9142366694434, 364.228999999999], "((0, 1), ((0, 0, 0), (0, 0, 0), (1, 1, 1)))": [346.01056409747775, 373.67122485951916, 360.57788159897035, 364.7953058577025, 361.17164345936203, 349.60046179269705, 360.55549043620755, 401.21254151884915], "((0, 1), ((1, 0, 0), (0, 0, 0), (1, 1, 1)))": [293.62268723985017, 362.5410307978444, 325.61363730259495, 325.62672040684765, 325.533876658624, 325.3137160424515, 324.96950104902356, 328.23237630573453], "((1, 0), ((0, 0, 1), (1, 0, 1), (1, 0, 1)))": [83.61517299574494, 83.39436679340082, 83.54370836719553, 81.716099554133, 83.33018181129074, 82.19515388237099, 83.31600714059405, 83.32814503662824], "((1, 0), ((1, 0, 1), (1, 0, 1), (1, 0, 1)))": [90.0454629190899, 89.56419244712782, 89.66727780736161, 86.98678531886118, 89.47366412112751, 89.21522717391076, 89.37420296170068, 89.66692340903214], "((1, 0), ((1, 0, 1), (0, 0, 1), (1, 0, 1)))": [90.94470966670993, 91.37475863810958, 90.75937037951665, 90.95643082436146, 90.56530626170226, 91.2630180525411, 90.56186023964689, 90.68141356112184], "((1, 1), ((0, 0, 1), (1, 0, 0), (0, 0, 0)))": [324.479369861756, 327.73169312911, 324.6093423858978, 294.9036030165672, 292.9963182610751, 292.4132310873931, 363.40065195819864, 324.4509746570249], "((1, 1), ((0, 1, 0), (0, 0, 0), (0, 1, 0)))": [82.44894073021605, 263.94219167740846, 220.24593846760482, 219.82871540572268, 126.9575815371865, 83.18956456321953, 255.77340204728273, 250.03345067100906],