{"((1, 1), ((1, 1, 1), (1, 0, 0), (1, 0, 1)))": [13.069239356145964, 26.491581097776113, 11.906818180625283, 16.276542105316906, 16.93054516898535, 13.62319444946002, 13.747455460889551, 13.75460264711501], "((1, 1), ((1, 1, 1), (0, 0, 0), (0, 1, 1)))": [14.869866098344506, 29.549291683701117, 18.39313230497273, 14.608197856556966, 9.045148252941498, 18.804997090055895, 13.938109494276173, 10.067109181838427], "((1, 1), ((1, 1, 1), (0, 0, 0), (1, 1, 0)))": [17.905423750241745, 15.664026649626862, 17.107709233006453, 19.158833938775068, 21.87136927441619, 20.973811191291972, 32.95046039424427, 20.687804993167124], "((1, 1), ((1, 1, 1), (0, 0, 1), (1, 0, 1)))": [28.352989810308834, 1.6104901137362584, 1.6544053566623675, 1.6365405553710957, 3.4254814514643757, 1.573103412158245, 1.5767777222430324, 3.021379526544016], "((1, 1), ((0, 0, 1), (1, 0, 1), (0, 0, 0)))": [28.287290021897654, 23.094476361429177, 19.46032512980806, 18.621733216693983, 23.687673982474838, 25.768472180483823, 36.73180578012636, 23.747559877385527], "((1, 1), ((1, 0, 1), (0, 0, 0), (0, 1, 1)))": [1.9792632172140567, 1.7219980783687836, 1.6814373343297722, 25.09120317370302, 1.7036935831338915, 3.065613823111006, 1.6742254554210203, 1.694684155171543], "((1, 1), ((1, 1, 0), (1, 0, 0), (1, 0, 1)))": [1.8326447709197642, 1.682447573823119, 1.6806532795648501, 1.6098790437366952, 1.6627395363510018, 1.6476057690893673, 1.652772821977684, 21.609901590004707], "((1, 1), ((1, 0, 0), (1, 0, 1), (1, 0, 1)))": [1.747796855994843, 1.6296474457562227, 1.6544110264257177, 1.6153926047216682, 1.5918325850318962, 1.583488965796953, 1.58811379832037, 22.9360704923344], "((1, 1), ((1, 0, 1), (1, 0, 1), (1, 0, 1)))": [0.8601580857907564, 1.1654154464370998, 2.7362706020069334, 1.6988313981242866, 1.3365152743874293, 1.1846368570042698, 1.3182595304939209, 0.8292786195789934], "((1, 1), ((0, 1, 0), (0, 0, 0), (1, 1, 1)))": [6.865906479988413, 25.480735380006678, 14.212037967732684, 15.1051685071197, 7.93637079856645, 24.566556325482328, 14.357821354654345, 10.612938955859118], "((1, 1), ((1, 0, 0), (1, 0, 1), (0, 0, 1)))": [1.6734530883546967, 1.547511917837971, 1.7392066847366672, 1.6641344564894407, 1.6724690528016004, 1.5768381439301988, 1.634132996118007, 4.848394143019526], "((1, 1), ((0, 1, 0), (0, 0, 0), (1, 1, 0)))": [16.68655565673042, 54.83302485221932, 30.95396122593479, 33.55861907056033, 33.726763514466064, 23.550697012996572, 44.14594186232223, 33.34474157696577], "((1, 1), ((1, 0, 1), (1, 0, 0), (1, 1, 1)))": [1.2521139471729905, 1.5820587529813934, 1.3694311153887577, 1.6839464083855837, 1.4717283755572033, 1.3872564280917012, 1.33839175765018, 1.1645333999670593], "((1, 1), ((1, 0, 1), (1, 0, 1), (1, 0, 0)))": [1.6851952054622572, 1.7046396955390535, 1.7007183755877024, 1.7266008823378658, 1.6425910872182234, 1.662523920239525, 11.901257571728664, 1.709853168189239], "((1, 1), ((1, 0, 0), (1, 0, 1), (0, 0, 0)))": [2.4214677246000544, 1.8730784646710181, 1.9201345383881359, 1.7987471542858353, 21.33532358240702, 1.9337951776274789, 1.9223701057038693, 1.9131335867494408], "((1, 1), ((1, 1, 1), (0, 0, 0), (1, 1, 1)))": [1.81485780835241, 2.0471759174843567, 1.7822497537155666, 1.8110683369329235, 1.8035847908633746, 1.7992174641454557, 1.8004764061805751, 1.7800119437769375], "((1, 1), ((0, 0, 0), (1, 0, 0), (1, 0, 0)))": [38.120039692256114, 41.888853331756145, 40.199999084491985, 36.77788722760016, 38.26150514150378, 13.974502553851298, 39.85747401094082, 36.390789580327365], "((1, 0), ((1, 1, 1), (0, 0, 1), (0, 0, 1)))": [36.33311066025979, 34.447907773842694, 40.208623246740274, 35.26740329919988, 37.319458831580604, 35.32855561108025, 35.24578813553119, 34.853718806425476], "((1, 0), ((0, 0, 1), (0, 0, 1), (0, 0, 1)))": [39.95290141522704, 39.8381916304549, 42.369781439074686, 37.865255439076776, 54.328082214641555, 37.92215751175568, 40.40602552756945, 39.4106796658456], "((1, 1), ((1, 1, 1), (0, 0, 0), (1, 0, 0)))": [17.674768077473974, 36.18233727354078, 38.18256222037995, 35.98964925136379, 35.84362177840915, 35.56831095741838, 41.77532680501758, 35.714874112528626], "((1, 1), ((1, 0, 0), (1, 0, 0), (1, 0, 0)))": [40.102127656273616, 40.352303479927684, 40.140923189529914, 39.092189031719165, 40.344172567735576, 39.99593625057808, 42.1627050162681, 40.37839127549982], "((1, 1), ((1, 0, 0), (0, 0, 0), (1, 0, 1)))": [41.14939259005444, 54.193624846180484, 61.05338996684495, 43.14561880655911, 53.929581617736936, 53.26135256811268, 53.857997487380665, 45.610583267671174], "((1, 1), ((0, 0, 0), (1, 0, 1), (0, 0, 0)))": [58.79644792554027, 59.48040485200327, 67.96016984357303, 54.49694985842293, 30.01635447846846, 34.07024504108766, 59.40981150463338, 54.192029148184], "((1, 1), ((1, 0, 1), (0, 0, 0), (1, 1, 0)))": [33.105125098743734, 61.947446768602134, 63.87398289861175, 60.214723548008536, 64.20233882930182, 65.22041637448463, 75.63025063490568, 64.15752785167888], "((1, 0), ((0, 1, 1), (0, 0, 1), (1, 0, 1)))": [59.817585862386295, 59.32029025089588, 72.9141191565635, 59.55870085552803, 59.37547287047939, 59.02123684167134, 58.99265696451841, 58.93265060167918], "((1, 1), ((1, 0, 1), (0, 0, 1), (1, 0, 1)))": [26.588205670768954, 1.7843442981351842, 5.525593353777375, 1.8301117005366156, 2.0858643883338903, 2.0178677846983795, 1.7975018635238171, 2.0542607064995795], "((1, 1), ((1, 1, 0), (0, 0, 0), (0, 1, 1)))": [1.7362847343942929, 1.7520548970198935, 1.772727720797144, 1.4568708140406408, 1.7516404360750182, 1.5061106698321196, 1.7229715893645683, 1.7436477694427241], "((1, 1), ((1, 0, 1), (0, 0, 0), (1, 1, 1)))": [16.856101002091496, 28.425279482591947, 13.283618519545625, 6.957165984098588, 10.751825732015934, 11.209964974685214, 16.591619126028387, 19.972600144931125], "((1, 1), ((0, 1, 1), (0, 0, 0), (1, 1, 0)))": [15.42693379748677, 11.808609278478107, 16.573122854046648, 18.447941675313476, 20.030271914636604, 9.341841444853669, 31.700475790637682, 20.692892457564156], "((1, 1), ((1, 1, 0), (0, 0, 0), (1, 1, 1)))": [2.412767736922226, 2.3479758098224472, 5.9368839631184995, 3.728047474264957, 2.3776647953236245, 2.366746661272691, 2.3700426405124637, 42.52444856695905], "((1, 0), ((0, 0, 1), (0, 0, 1), (0, 1, 1)))": [53.40175145462051, 52.93629733024184, 52.77364674468483, 42.1331154351935, 60.706199787071085, 48.04925460121545, 53.422054970317326, 53.46952581284783], "((1, 1), ((1, 0, 1), (0, 0, 1), (1, 1, 1)))": [0.8582255866451238, 1.0292447650290324, 0.8674120258265392, 1.6295036385755015, 0.9042864731242644, 0.7919231359683784, 0.9095210014057837, 1.0393240271969284], "((1, 1), ((1, 0, 0), (1, 0, 0), (0, 0, 0)))": [39.747200332411985, 47.09351872572733, 40.04440912328962, 39.87305272679126, 31.300154069326062, 39.781769285718504, 39.933908084645196, 39.047021390275134], "((1, 0), ((0, 0, 1), (1, 0, 1), (0, 0, 1)))": [70.98097217977823, 71.92184675560303, 84.14960841967661, 62.71914927173332, 58.51814488996073, 63.73319779615878, 70.988959695361, 69.6866420734736], "((1, 0), ((1, 0, 1), (0, 0, 1), (1, 0, 1)))": [59.99021740716119, 60.88091642249755, 74.04539649364993, 67.09660654456441, 61.61769337612615, 61.55923249407724, 62.19538466793174, 63.147670959562795], "((1, 1), ((1, 1, 0), (0, 0, 0), (0, 1, 0)))": [55.81700247494092, 59.82304322034477, 59.53781421974462, 59.88373041426042, 55.79064553562994, 59.64500345429569, 60.004236798002566, 70.82052189364535], "((0, 0), ((1, 0, 1), (0, 0, 1), (1, 1, 1)))": [0.0, 0.0, 0.0, 0.0, 0.0, 0.0, 0.0, 0.0], "((0, 1), ((1, 0, 1), (1, 0, 0), (1, 1, 1)))": [34.73804593410095, 36.80337865886143, 34.635657839720565, 8.352699249781606, 34.60308960403015, 34.83933861494666, 34.903415627988444, 34.86796823773416], "((0, 1), ((0, 1, 0), (0, 0, 0), (1, 1, 1)))": [36.638567600962666, 48.39289155951908, 38.91010993938487, 36.517525515162625, 40.11464406100135, 13.13561747577817, 36.08399122617776, 66.40973036263809],