{"((1, 1), ((1, 1, 1), (1, 0, 0), (1, 0, 1)))": [28.479645585879837, 32.1857516649993, 28.90513145106496, 28.483445754232328, 28.47462071269174, 28.48161539556176, 28.48930058625473, 28.479770660567066], "((1, 1), ((1, 1, 1), (0, 0, 0), (0, 1, 0)))": [28.897384121219908, 32.192953834535324, 31.811284086725856, 31.811086775677488, 28.89927701737379, 31.802294291232222, 35.87231545046879, 31.81345268903099], "((1, 1), ((0, 0, 1), (1, 0, 1), (1, 0, 0)))": [35.53038383221329, 35.49945554907795, 35.931154962913205, 32.19593362938524, 35.46370438840647, 32.21021362612337, 39.96544240632241, 35.50419586829017], "((1, 1), ((1, 0, 0), (1, 0, 1), (1, 0, 1)))": [28.456115067507493, 28.478561092299074, 25.811964085549448, 28.88213895437073, 28.43473107948409, 28.447315460119885, 28.47541415181609, 32.20108222901254], "((1, 1), ((0, 1, 0), (0, 0, 0), (1, 1, 1)))": [35.92214407881702, 39.986717705407024, 39.60359749169346, 39.61165199685323, 39.58693022482465, 35.87947567133082, 39.596151978059225, 44.50277746232567], "((1, 0), ((1, 0, 0), (1, 0, 1), (0, 0, 1)))": [44.140591230905045, 44.13660199104812, 39.975426156734365, 44.53825704621443, 40.020389485038386, 44.11026914705502, 44.15128445694096, 49.52092805754427], "((1, 1), ((1, 0, 1), (1, 0, 0), (1, 1, 1)))": [32.52620298017542, 40.00444186856063, 33.729770735161395, 33.72044625823343, 34.25006938862012, 33.64531248323253, 33.11819834358979, 33.920265207295856], "((1, 0), ((1, 0, 1), (0, 0, 1), (1, 1, 1)))": [39.972447986453574, 39.46604058278392, 39.579824972666444, 44.54416908049797, 39.55297241469634, 39.503919890019226, 39.52922028374046, 39.523645595975175], "((1, -1), ((1, 1, 1), (0, 0, 0), (0, 1, 0)))": [44.52948778720918, 49.63068392795226, 49.2174176490662, 49.23346199019295, 44.52534241238262, 49.21016967633651, 55.07634411483579, 49.20957565586392], "((1, 0), ((1, 1, 1), (1, 0, 0), (1, 0, 1)))": [44.07200296162528, 49.5823069690304, 44.59400967630578, 44.08113753091575, 44.0486520767952, 44.075628337848286, 43.99083389109845, 44.0355314801682], "((1, -1), ((1, 1, 1), (0, 0, 1), (1, 0, 1)))": [49.55345210216857, 49.09301513964592, 55.20878354090475, 49.13148280471893, 49.172810529299035, 49.0682873411245, 49.20954922140623, 49.11381866333325], "((1, -1), ((0, 0, 1), (1, 0, 1), (1, 0, 1)))": [54.8190893310416, 54.84567624799812, 61.28835258552886, 49.63689547906864, 54.87180877185446, 49.59813747713791, 54.8265395987026, 54.872763732570036], "((1, 1), ((1, 1, 1), (0, 0, 1), (1, 0, 1)))": [32.14245928585781, 31.749706738621185, 35.88610110595906, 31.75226220614908, 31.771178201459527, 31.77356191570767, 31.773573195893576, 31.747170308475226], "((1, 1), ((1, 0, 1), (1, 0, 1), (1, 0, 1)))": [25.401525416745944, 25.395232882826857, 26.230469407027027, 28.81004626585574, 25.409987440785322, 25.375640219080616, 25.40048418257995, 25.43423393186411], "((1, 1), ((1, 0, 1), (1, 0, 1), (1, 0, 0)))": [26.347791029207038, 26.333948847878514, 29.563074914442094, 25.714530911704315, 26.297255263483297, 26.014144454415224, 26.20378636072319, 26.223976746155806], "((1, 1), ((0, 1, 1), (0, 0, 0), (1, 1, 0)))": [30.199154219789328, 24.090963476406802, 25.828103737223408, 26.25303083519379, 26.81582652642564, 26.8308557156357, 23.9051113753349, 26.677059948420553], "((1, 1), ((0, 0, 0), (1, 0, 1), (0, 0, 1)))": [23.719557536528804, 23.912515985163683, 21.56490339438093, 23.78217062422852, 21.42361828440309, 25.860912602781315, 24.048908270490486, 21.675358519127677], "((0, 1), ((1, 1, 0), (0, 0, 0), (1, 1, 1)))": [18.322152539403145, 20.84028513981584, 20.317964302495582, 20.429504556184217, 20.385216354255387, 20.49527784222144, 20.415555481147564, 24.365509734333862], "((0, 1), ((1, 1, 1), (1, 0, 0), (1, 1, 1)))": [16.45877037235149, 21.138729730268565, 16.915404838447486, 17.451501247597633, 17.00700086653713, 17.435088594990443, 17.103209512451564, 17.189661998477185], "((0, 1), ((1, 0, 1), (0, 0, 1), (1, 1, 1)))": [20.752970837867213, 20.677903360073177, 20.60383729009454, 24.249491281013462, 20.816166493602843, 20.596671972399747, 20.537075434064374, 20.71181462523735], "((1, -1), ((1, 0, 1), (1, 0, 1), (1, 0, 1)))": [60.564657322487, 60.42481327644585, 68.3012085007179, 57.83276249208171, 60.44785834707863, 60.668385035601105, 60.49691583088919, 60.355891973998766], "((1, -1), ((1, 0, 1), (1, 0, 1), (0, 0, 1)))": [80.40999999999985, 80.40999999999985, 80.80999999999986, 61.356151633746535, 89.89999999999989, 80.40999999999985, 80.40999999999985, 80.40999999999985], "((0, -1), ((1, 0, 1), (0, 0, 1), (1, 1, 1)))": [89.89999999999989, 80.40999999999985, 80.40999999999985, 80.80999999999986, 80.40999999999985, 80.40999999999985, 80.40999999999985, 80.40999999999985], "((0, -1), ((1, 1, 0), (0, 0, 0), (1, 1, 1)))": [99.99999999999994, 80.80999999999986, 89.49999999999989, 89.49999999999989, 89.49999999999989, 89.49999999999989, 89.49999999999989, 80.80999999999986], "((0, 0), ((1, 1, 1), (1, 0, 0), (1, 1, 1)))": [0.0, 0.0, 0.0, 0.0, 0.0, 0.0, 0.0, 0.0], "((1, 1), ((1, 1, 1), (0, 0, 0), (1, 0, 1)))": [26.54423450180778, 21.3336149955349, 24.31971208578586, 23.625759335620753, 23.503169453395294, 23.070395045221268, 23.24063576621197, 23.620292679802564], "((1, 1), ((1, 1, 1), (0, 0, 0), (0, 1, 1)))": [23.40905469295986, 18.751567846676952, 20.65331734647549, 20.9855723795225, 24.268876630399227, 20.849077092509184, 20.63957072711209, 20.89345224825171], "((1, 0), ((1, 1, 1), (0, 0, 1), (1, 1, 1)))": [21.436612856529976, 17.44592618220527, 17.559997567431928, 17.70614351740785, 17.46237916074996, 17.152552082378186, 17.60144351921646, 17.735479541969475]}