{"((1, 1), ((1, 1, 1), (1, 0, 0), (1, 0, 1)))": [28.46543110390293, 32.18587854210034, 28.855098999276517, 28.494378864709592, 28.46866951077627, 28.498267863598368, 28.48098414522999, 28.47835773255217], "((1, 1), ((1, 1, 1), (0, 0, 0), (0, 1, 0)))": [28.861164532460883, 32.15848987892376, 31.77885349612407, 31.759766362870362, 28.858579611493017, 31.801928386172285, 35.87319838011901, 31.798976726136956], "((1, 1), ((0, 0, 1), (1, 0, 1), (1, 0, 0)))": [35.44958373400862, 35.449087415727185, 35.85257113519885, 32.16363190803765, 35.43909491840158, 32.180152546838286, 39.97022042235573, 35.4540975473721], "((1, 1), ((1, 0, 1), (1, 0, 0), (1, 1, 1)))": [33.694396482800755, 40.01526166308777, 33.00646775426009, 33.43719815296579, 33.45401336141787, 33.95124100116784, 33.24533534167418, 34.16320809929073], "((1, 1), ((0, 1, 0), (0, 0, 0), (1, 1, 1)))": [35.846986170858465, 39.944781379608216, 39.589268939559666, 39.539590504269185, 39.564426349052894, 35.891653027323564, 39.56051669564583, 44.522467135950976], "((1, 0), ((1, 0, 1), (0, 0, 1), (1, 1, 1)))": [39.92444238930134, 39.5118015037107, 39.55529431543463, 44.5397864587542, 39.60926891524355, 39.54853151593396, 39.62537190565496, 39.643191119226216], "((1, 0), ((1, 0, 0), (1, 0, 1), (0, 0, 1)))": [44.166241258123975, 44.1232348113386, 39.95271697048365, 44.50636418517644, 39.98612834846591, 44.08183886013055, 44.15685816173222, 49.58051903994556], "((1, 0), ((1, 1, 1), (1, 0, 0), (1, 0, 1)))": [44.05727859340307, 49.6173006857764, 44.53333249994661, 44.07192318932596, 44.02731096288763, 44.02431580219555, 44.05196146403527, 44.05707848716694], "((1, -1), ((1, 1, 1), (0, 0, 0), (0, 1, 0)))": [44.52254689320396, 49.55227178757975, 49.15565692799856, 49.17800031451859, 44.49985215892497, 49.182293813623346, 55.20057671105066, 49.14309011069711], "((1, -1), ((0, 0, 1), (1, 0, 1), (1, 0, 1)))": [54.73668288404374, 54.79002339327539, 61.445085234500766, 49.548140587012185, 54.83239801964122, 49.550964784575946, 54.80286021262288, 54.8511058576011], "((1, -1), ((1, 1, 1), (0, 0, 1), (1, 0, 1)))": [49.658809648168095, 49.11319242243687, 55.197155855282695, 49.17405891392569, 49.13749656466286, 49.229685266754714, 49.12002113155058, 49.19096348505476], "((1, -1), ((1, 0, 1), (1, 0, 1), (1, 0, 1)))": [60.46312314321191, 60.31303829508832, 68.38342803833422, 58.256920062876304, 60.43944869027983, 60.372004787711774, 60.29137100187566, 60.30509725024057], "((1, 1), ((1, 1, 1), (0, 0, 1), (1, 0, 1)))": [32.16718199013052, 31.791899302334336, 35.870175027238105, 31.74993551037622, 31.80406745624378, 31.7829996530225, 31.771217033232112, 31.76341104551483], "((1, 1), ((1, 0, 0), (1, 0, 1), (1, 0, 1)))": [28.46067983183243, 28.454722885345276, 25.84688357356699, 28.86668855041575, 28.434013512023466, 28.437659628915576, 28.457049999475544, 32.19931972112765], "((1, 1), ((1, 0, 1), (1, 0, 1), (1, 0, 1)))": [25.34560107639701, 25.25006995652074, 27.669061035829422, 28.799788965514242, 25.269016887755782, 25.280496243447516, 25.311063942438437, 25.196723399611372], "((1, 1), ((1, 0, 1), (1, 0, 1), (1, 0, 0)))": [27.36774351037908, 27.399221790704278, 28.880488588459322, 25.579114508326334, 27.246070539176706, 27.42264291577247, 27.534826400296836, 26.95956125960377], "((1, 1), ((0, 1, 1), (0, 0, 0), (1, 1, 0)))": [28.51183687341537, 24.720492357450848, 27.516819248206893, 27.366752812844712, 27.58016339767116, 27.82535674666332, 25.134545865425984, 27.34124611240605], "((1, 1), ((1, 1, 1), (0, 0, 0), (1, 0, 1)))": [27.736896985660792, 21.489219555105134, 24.07454900308877, 23.801001685784296, 23.98211793451417, 23.845784397904964, 23.701273752013588, 24.013992839784056], "((1, 1), ((0, 0, 0), (1, 0, 1), (0, 0, 1)))": [24.075045943247783, 24.25528509251992, 21.494824412040128, 23.91666029549872, 21.45202451884613, 27.833173486101312, 24.02244619239847, 21.61251236544006], "((1, 1), ((1, 1, 1), (0, 0, 0), (0, 1, 1)))": [23.83172619171108, 19.35139446601649, 21.113618191346408, 21.176681615517605, 24.51551085535305, 21.17374054943938, 21.18320212285761, 21.13804135606225], "((0, 1), ((1, 1, 0), (0, 0, 0), (1, 1, 1)))": [19.128682768083948, 21.440775255828623, 21.000326820205316, 20.92822168739472, 20.981163549967594, 20.983084119136326, 20.882372161609094, 24.400249752249014], "((0, 1), ((1, 1, 1), (1, 0, 0), (1, 1, 1)))": [18.474375725903688, 21.380788331982238, 18.11481563967188, 18.379808364064232, 17.975262606006307, 18.605022047573563, 18.631682058088614, 18.419590963478804], "((0, 1), ((1, 0, 1), (0, 0, 1), (1, 1, 1)))": [21.311561746297013, 21.091199584203437, 21.12986117339429, 24.55736082564032, 21.22725616325483, 20.995127855005276, 21.136683389069805, 21.162531852782934], "((1, 0), ((1, 1, 1), (0, 0, 1), (1, 1, 1)))": [21.55952696413, 18.80905917435273, 18.76021646894884, 18.787326952815693, 18.824736827579194, 18.678022842270703, 18.861897306681882, 18.825975770466947], "((1, -1), ((1, 0, 1), (1, 0, 1), (0, 0, 1)))": [80.40999999999985, 80.40999999999985, 80.80999999999986, 61.44515252721467, 89.89999999999989, 80.40999999999985, 80.40999999999985, 80.40999999999985], "((0, -1), ((1, 0, 1), (0, 0, 1), (1, 1, 1)))": [89.89999999999989, 80.40999999999985, 80.40999999999985, 80.80999999999986, 80.40999999999985, 80.40999999999985, 80.40999999999985, 80.40999999999985], "((0, -1), ((1, 1, 0), (0, 0, 0), (1, 1, 1)))": [99.99999999999994, 80.80999999999986, 89.49999999999989, 89.49999999999989, 89.49999999999989, 89.49999999999989, 89.49999999999989, 80.80999999999986], "((0, 0), ((1, 1, 1), (1, 0, 0), (1, 1, 1)))": [0.0, 0.0, 0.0, 0.0, 0.0, 0.0, 0.0, 0.0]}