{"((1, 1), ((1, 1, 1), (1, 0, 0), (1, 1, 1)))": [21.67030805681451, 24.54710874155213, 21.657807518311902, 21.62504652571225, 21.602462628411157, 21.62234435825895, 21.597771829271107, 21.660357034170836], "((1, 1), ((1, 1, 1), (0, 0, 0), (1, 1, 1)))": [23.70263658937152, 27.374294495000658, 23.535189257347504, 23.62535703548423, 23.59648962120802, 23.639560228665843, 23.43083090539707, 23.518737983261584], "((1, 1), ((1, 1, 1), (0, 0, 0), (1, 1, 0)))": [24.571079410756816, 39.98627296605339, 39.579848313027874, 39.576864760679385, 39.57891342238995, 39.59773929050767, 44.442651067412605, 39.54747149552052], "((1, 1), ((1, 1, 1), (0, 0, 0), (1, 0, 1)))": [40.025775302375045, 40.517923416453385, 44.490274929219275, 39.59868879879543, 39.63329964536291, 39.65481725873364, 39.59322452034632, 39.650665629570994], "((1, 1), ((0, 0, 0), (1, 0, 1), (1, 0, 1)))": [44.12706620706654, 44.09859783050581, 49.52868750624457, 39.97728252110298, 44.14005743367176, 39.98398472789221, 44.10912983293987, 39.99514007815877], "((1, 1), ((1, 0, 1), (1, 0, 1), (1, 0, 1)))": [48.719873811761545, 48.73642913327229, 55.18754120993298, 47.48877602104089, 48.67944499964244, 48.62515279197955, 48.811845646177986, 48.82589946105122], "((1, 1), ((1, 0, 1), (1, 0, 1), (1, 0, 0)))": [64.86609999999979, 64.86609999999979, 65.2660999999998, 49.52717943232188, 64.86609999999979, 64.86609999999979, 72.62899999999982, 64.86609999999979], "((1, 1), ((1, 1, 1), (0, 0, 0), (0, 1, 0)))": [40.004499269308994, 44.423506826571604, 41.0767687529462, 41.47100670095923, 44.52051704566161, 41.2411818099155, 39.727216173773925, 41.717765344049475], "((1, 0), ((0, 0, 1), (1, 0, 1), (1, 0, 1)))": [41.250108347546615, 40.993219645963734, 38.90518645929271, 46.94350337719966, 42.04022356707377, 42.121850319713786, 40.456725721998005, 41.18547012488313], "((1, 0), ((1, 1, 1), (0, 0, 1), (1, 0, 1)))": [72.43492699909474, 48.333553459467325, 53.515465743584905, 43.3768355335624, 49.00725303201489, 46.894389565351126, 47.64895822866197, 47.6857079581748], "((1, 0), ((1, 0, 1), (1, 0, 1), (1, 0, 1)))": [36.27211880359718, 36.3989657535033, 36.54083015626358, 43.00930608493808, 36.20295262748798, 35.398249879015616, 35.95267249697018, 35.81154132763599], "((1, 1), ((1, 0, 1), (1, 0, 0), (1, 1, 1)))": [64.86609999999979, 72.62899999999982, 64.86609999999979, 65.2660999999998, 64.86609999999979, 64.86609999999979, 64.86609999999979, 64.86609999999979], "((1, 1), ((0, 1, 1), (0, 0, 0), (1, 1, 0)))": [65.2660999999998, 64.583587099653, 72.22899999999981, 72.22899999999981, 72.22899999999981, 65.2660999999998, 80.80999999999986, 72.22899999999981], "((1, 0), ((0, 0, 1), (1, 0, 1), (0, 0, 1)))": [80.40999999999985, 80.40999999999985, 89.89999999999989, 64.02480863882464, 89.89999999999989, 72.62899999999982, 80.40999999999985, 80.40999999999985], "((1, 0), ((1, 0, 1), (0, 0, 1), (1, 0, 1)))": [89.89999999999989, 89.49999999999989, 99.99999999999994, 80.80999999999986, 89.49999999999989, 89.49999999999989, 89.49999999999989, 89.49999999999989], "((0, 0), ((0, 0, 1), (1, 0, 1), (1, 0, 1)))": [0.0, 0.0, 0.0, 0.0, 0.0, 0.0, 0.0, 0.0], "((1, 1), ((1, 1, 0), (0, 0, 0), (0, 1, 0)))": [80.80999999999986, 89.89999999999989, 89.49999999999989, 89.49999999999989, 80.80999999999986, 89.49999999999989, 99.99999999999994, 80.80999999999986], "((1, 0), ((1, 0, 1), (1, 0, 1), (1, 1, 1)))": [32.88734098701996, 32.831826829360196, 32.796148643358016, 36.43360773231812, 32.71159764577763, 33.05414218060251, 32.94539946064889, 32.6748602135213], "((0, 1), ((1, 0, 0), (1, 0, 1), (0, 0, 1)))": [80.40984108230867, 80.40995999484996, 72.6288043056234, 80.80996201743889, 72.62843901010872, 80.40997538574776, 80.40988012196087, 89.89999999999989], "((-1, 1), ((1, 1, 0), (0, 0, 0), (1, 1, 1)))": [56.92884083718768, 70.94170737060463, 71.43441831461408, 71.50990148457086, 70.90418781525123, 70.4762882766311, 71.66477385869227, 80.80998153070146], "((1, 1), ((1, 1, 1), (1, 0, 0), (1, 0, 1)))": [80.40998428638538, 89.89999999999989, 80.80994144764027, 80.40996045428288, 80.40996637798985, 80.40988049062645, 80.40990073854387, 80.40998799472513], "((-1, 1), ((1, 0, 1), (0, 0, 1), (1, 1, 1)))": [71.85986434243951, 71.11396161693531, 68.47378604907186, 80.80997371585264, 71.44169151703616, 70.37779916947113, 70.34932993524689, 70.18188618183311], "((-1, 1), ((1, 1, 1), (0, 0, 0), (1, 1, 1)))": [28.147025394629775, 69.93851811911468, 41.26970792865884, 35.62799172581464, 39.89727120273248, 35.37411244263426, 38.79782918800458, 47.483206244921874], "((-1, 1), ((0, 1, 1), (0, 0, 0), (1, 1, 1)))": [0.0, -0.014937218201319491, 0.0, -0.05, -0.05, 0.0, 0.0, 0.0]}