{"((1, 1), ((1, 1, 1), (1, 0, 0), (1, 0, 1)))": [8.913282278460432, 29.625106156255335, 8.348173724909833, 11.279512860068676, 7.88004922440812, 8.890157616127787, 10.039932651621095, 9.990074052909002], "((1, 1), ((1, 1, 1), (0, 0, 0), (0, 1, 1)))": [10.754371766831488, 33.018410232783346, 12.208226249100354, 14.675079189409981, 11.23751876646722, 13.52986314098942, 10.927294913108536, 11.281550079081823], "((1, 1), ((1, 0, 0), (1, 0, 1), (1, 0, 1)))": [0.6259406156306734, 1.4486938494278965, 0.6075203673541004, 0.6340260519830773, 2.434909812439006, 0.6354342002418667, 1.4297098090638385, 17.587018275046496], "((1, 1), ((1, 0, 1), (1, 0, 1), (1, 0, 1)))": [0.6254788893773233, 0.6258644033171465, 0.6582800779620328, 0.7248377804216846, 0.6585520224576762, 0.6281432015903756, 0.5407843729727929, 0.662571606989931], "((1, 1), ((1, 0, 1), (1, 0, 1), (1, 0, 0)))": [0.6003110496884277, 0.6355309424330595, 0.6694112410929975, 0.6749348191817058, 0.6138236344198699, 0.6654700955489827, 0.8534247113897253, 0.6599528994027392], "((1, 1), ((0, 1, 0), (0, 0, 0), (1, 1, 0)))": [8.274433332982813, 19.230243330022276, 22.881388847316064, 19.030347218175496, 11.02898163360581, 13.875712514897634, 61.078028951640015, 23.3481167937456], "((1, 1), ((1, 0, 1), (0, 0, 1), (1, 0, 1)))": [0.7025001110591761, 0.6748493542141918, 0.7000434171999363, 0.7461567896746826, 0.6726103370297556, 0.6467866051178908, 0.7036683005819374, 0.6602799198741223], "((1, 1), ((1, 0, 0), (1, 0, 1), (0, 0, 1)))": [0.6508055072969974, 0.6740295319925689, 0.7013200345199088, 0.7197218569691323, 6.674627425265593, 0.6390069999200717, 0.7022798726804124, 0.6954952646839621], "((1, 1), ((0, 0, 1), (1, 0, 1), (0, 0, 0)))": [27.5954420119449, 25.60254490636698, 11.951823816798392, 13.383039741176647, 14.148846014733682, 20.831707463392924, 40.984175577516446, 16.4368751221564], "((1, 1), ((1, 0, 1), (0, 0, 0), (0, 1, 1)))": [1.69912302866907, 2.8001289017441873, 1.9410964552220629, 18.01833055668854, 0.7385327067567173, 2.788315269285211, 0.7834362766844807, 0.8340473855540228], "((1, 1), ((1, 1, 0), (1, 0, 0), (1, 0, 1)))": [0.7047154494886244, 0.9350559518432926, 0.792216508953927, 0.6911530700027122, 0.7695646687674467, 1.3565728015362812, 1.1958653218109045, 21.992404660306374], "((1, 1), ((0, 1, 0), (0, 0, 0), (1, 1, 1)))": [5.968550797249348, 9.882885077601534, 15.915286192449054, 12.25633436423071, 15.552123385195602, 13.889783045790884, 12.772621603098766, 28.500598957767018], "((1, 1), ((1, 0, 1), (0, 0, 0), (1, 1, 1)))": [0.7469997279714652, 4.644601646258074, 0.6785282989076331, 28.00872020115652, 0.7066166017380117, 0.7195144718064642, 1.5415418697721557, 0.7364089936769259], "((1, 1), ((1, 0, 0), (1, 0, 1), (0, 0, 0)))": [17.45491100175166, 13.262092486949374, 5.942045482064888, 13.274042837473244, 12.425552044223963, 14.729501534034071, 31.769021504086254, 7.4827430545755504], "((1, 1), ((0, 1, 1), (0, 0, 0), (1, 1, 0)))": [4.7945458591116505, 3.3940857306201124, 6.21532408933593, 9.163380607141194, 6.544159012807455, 9.07644611594942, 35.40236586488308, 8.369823670508769], "((1, 1), ((1, 1, 0), (0, 0, 0), (1, 1, 1)))": [2.127480185531927, 1.4607246620261298, 0.8337562193269634, 0.7889338012156647, 0.7903288296973179, 0.8086186099075869, 2.6087061190464564, 33.53806177187434], "((1, 1), ((1, 1, 0), (0, 0, 0), (0, 1, 1)))": [4.4886005426425015, 0.7588437164145083, 0.7447496339370963, 0.7362851938538685, 0.7462572389430451, 0.6852759986587146, 0.9386117787986059, 0.7734299499338849], "((1, 1), ((1, 1, 1), (0, 0, 0), (1, 1, 0)))": [11.388202613804141, 7.000778219462081, 13.921474492515111, 5.430393113504491, 16.16916010107553, 21.77207482770292, 36.79099087686064, 10.222435655253856], "((1, 1), ((1, 0, 1), (0, 0, 1), (1, 1, 1)))": [0.8820388393603693, 0.8793126901860112, 0.878012233191603, 0.8686259093407692, 0.8478177923178429, 0.8632731915555292, 0.8813887052716751, 0.8360690007444662], "((1, 1), ((1, 1, 1), (0, 0, 1), (1, 0, 1)))": [26.178974810673537, 4.989218476462487, 4.723710648072411, 4.966983837547129, 4.99147094034036, 4.984042319485047, 4.390154547437936, 4.960478359165361], "((1, 1), ((1, 0, 1), (1, 0, 0), (1, 1, 1)))": [0.6787064572733121, 0.671297241323161, 0.6518361326558946, 0.677677813191121, 0.5906345680814061, 0.6640484619104925, 0.6310327141446483, 0.6373988367173904], "((1, 1), ((1, 0, 0), (0, 0, 0), (1, 0, 1)))": [41.69247918811418, 54.560769756509245, 60.91437060444478, 45.59303411515401, 53.66938125992192, 54.158230219757954, 53.86231885333988, 42.331834160818616], "((1, 1), ((0, 0, 0), (1, 0, 1), (0, 0, 0)))": [60.15785650415742, 60.284372612974074, 64.83403360056847, 54.471905207364784, 30.420024796888562, 48.955038463611544, 67.97558747528984, 54.56252917067957], "((1, 0), ((0, 0, 1), (0, 0, 1), (0, 1, 1)))": [52.46121387325972, 52.053474920710954, 52.40004026571111, 41.0848624079967, 60.91793538382881, 45.28315978037885, 52.6065241199365, 52.60497517845217], "((1, 1), ((1, 0, 1), (0, 0, 0), (1, 1, 0)))": [30.467465738397355, 65.35122582920158, 66.59451926179491, 61.0115971729492, 67.65728491738156, 66.65984166269962, 75.4368484273478, 65.80147172099542], "((1, 0), ((0, 1, 1), (0, 0, 1), (1, 0, 1)))": [65.5993340576804, 63.488728720563714, 75.63954147431343, 64.95238617413435, 64.04309274714429, 59.120038525789454, 65.03145427801813, 63.79813542043726], "((1, 0), ((0, 0, 1), (1, 0, 1), (0, 0, 1)))": [72.8207933988002, 73.15985847042113, 84.1550459802698, 66.84014858540489, 57.918420813283035, 66.4706804587405, 73.8692457711795, 72.92105758165094], "((1, 0), ((1, 0, 1), (0, 0, 1), (1, 0, 1)))": [65.47227708085764, 65.54223208686776, 74.05504606447822, 71.7774641628921, 65.2655160510743, 65.0476091594653, 65.78439797499234, 65.52791261451381], "((1, 1), ((1, 1, 0), (0, 0, 0), (0, 1, 0)))": [55.49644182589424, 60.19441417576725, 61.17368952133553, 60.386068531210384, 54.56794912245698, 60.24228735719604, 74.08910224861435, 57.95623392503629], "((1, 1), ((1, 1, 1), (0, 0, 0), (0, 0, 1)))": [48.59660682725576, 70.88650439174516, 54.64874233805145, 54.67168866819035, 37.34428492130584, 53.8038975414037, 54.26086569333645, 53.51570163600897], "((1, 1), ((0, 0, 0), (0, 0, 0), (0, 0, 0)))": [35.38929786017354, 35.75448668625849, 33.929108114480584, 35.47286331657872, 35.02978383679838, 36.15932166116104, 35.40999551861462, 39.47987269687785], "((1, 1), ((1, 0, 1), (0, 0, 0), (0, 0, 0)))": [38.63359932579473, 53.80162344508592, 37.394224824066605, 7.871071813953128, 37.07796551672358, 43.647022792216845, 36.240974956878716, 42.74072147303333], "((0, 1), ((0, 0, 0), (0, 0, 0), (1, 1, 1)))": [34.73930166187992, 35.32144221778258, 34.66506579371097, 35.072682635990766, 34.390341244620714, 35.579238620479316, 33.82421230989412, 35.437457655561154], "((1, 1), ((0, 1, 1), (0, 0, 0), (0, 0, 0)))": [42.83603152968847, 62.258705963569824, 37.00015549877183, 48.000366417222146, 37.6655650206326, 8.640425011118584, 53.47524718688368, 47.853376520361024], "((1, 1), ((0, 0, 0), (0, 0, 1), (0, 0, 0)))": [38.646769136304584, 53.83981819180841, 47.64468610306046, 53.77671378230675, 34.714947330289085, 48.07953403264354, 50.17913995674081, 66.21200427544188], "((1, 1), ((1, 1, 0), (0, 0, 0), (0, 0, 0)))": [34.26959233575635, 46.660287649305204, 36.46621061552639, 38.672407025657336, 36.35391683475626, 38.358772855432846, 36.300839050803866, 6.627888092803598], "((0, 1), ((0, 0, 1), (0, 0, 0), (1, 1, 1)))": [35.19984969973308, 45.039736472319674, 47.384733218607295, 55.3672193901669, 47.29452835728377, 38.60170860094769, 48.1517282100356, 47.57493354879797], "((0, 1), ((0, 1, 0), (0, 0, 0), (1, 1, 1)))": [34.394130118026546, 34.90303128609539, 35.168489851619974, 34.911577452960294, 34.59171427998057, 12.510707974965689, 34.761528745638486, 61.44496122633429], "((0, 0), ((1, 0, 1), (0, 0, 1), (1, 1, 1)))": [0.0, 0.0, 0.0, 0.0, 0.0, 0.0, 0.0, 0.0],