{"((1, 1), ((1, 1, 1), (1, 0, 0), (1, 0, 1)))": [208.44008347618194, 205.70952494330942, 275.96488871374015, 211.89579532344317, 212.94150526559395, 205.52846862502642, 206.99631592957195, 210.6710487002179], "((1, 1), ((1, 1, 1), (0, 0, 0), (0, 1, 1)))": [207.34716419259692, 187.81241340168313, 211.78345966954026, 210.05882384970008, 217.70008507990954, 208.3506657856912, 205.891092063893, 210.3729874793301], "((1, 1), ((1, 0, 0), (1, 0, 1), (1, 0, 0)))": [223.08027494983617, 231.5894552249876, 209.9259997039349, 216.77278664827065, 217.01215451452552, 221.75242487876466, 306.8280414901657, 214.61782025641713], "((1, 1), ((1, 1, 1), (0, 0, 0), (1, 1, 1)))": [214.41024308845292, 167.0563762762328, 188.91490585140497, 190.12873630280458, 189.8810194533016, 188.94075173111702, 191.7060563277401, 189.1727504538614], "((1, 1), ((1, 0, 1), (1, 0, 0), (1, 1, 1)))": [208.4795152099211, 243.24751570183875, 209.43209052201905, 210.323973542558, 209.2099208050661, 209.01818714156173, 210.11821954133012, 209.38858558439406], "((1, 1), ((0, 1, 1), (0, 0, 0), (1, 1, 0)))": [210.2738155576408, 248.4046933466421, 235.70060382522388, 212.75105598714708, 220.55155091817102, 222.8712905014668, 341.0851226637184, 219.50541857101467], "((1, 1), ((1, 1, 1), (0, 0, 1), (1, 0, 1)))": [206.19914958153504, 206.42972592396802, 206.09010826105035, 206.63566225677187, 206.73444084743142, 206.59289106533177, 206.14392406693727, 204.84101894127096], "((1, 1), ((0, 0, 1), (1, 0, 1), (0, 0, 0)))": [222.12082784274634, 221.11776073417755, 214.58114015223995, 217.41337821109028, 213.88052938367605, 232.23184344408588, 300.45678858304126, 222.78745164207737], "((1, 1), ((1, 0, 1), (0, 0, 0), (1, 1, 1)))": [207.0687925619893, 237.96323734829852, 217.82349016977096, 219.2094239917862, 217.62703535254556, 215.19347739443467, 216.93698721684248, 217.63200356707299], "((1, 1), ((1, 1, 1), (0, 0, 1), (1, 0, 0)))": [269.457634980381, 404.409980800458, 404.8099987485957, 404.4099773466515, 404.4099992101804, 404.40999775586164, 449.8999999999995, 404.40998903316074], "((1, 1), ((0, 0, 1), (1, 0, 0), (0, 0, 0)))": [404.40999999925776, 449.8999999999995, 404.80999999617285, 404.8099999994098, 364.22899998954455, 292.3676850485295, 449.8999999935857, 404.4099999999896], "((1, 1), ((1, 1, 1), (0, 0, 0), (1, 1, 0)))": [187.84384555675132, 123.52365395899862, 142.16662473443603, 128.42366665528456, 126.20462082643489, 143.69032708584814, 178.91974104578173, 142.83137706716997], "((1, 1), ((1, 1, 1), (0, 0, 0), (1, 0, 1)))": [101.74164809167773, 65.50550413358204, 183.07307664703265, 54.939631963407884, 72.57227437881171, 74.97319512789082, 54.819280628105105, 52.62564871432733], "((1, 1), ((1, 1, 1), (0, 0, 0), (0, 1, 0)))": [53.91534150647034, 33.7892743544837, 77.16374146881579, 68.89637197084777, 152.71086876560346, 57.66179877783218, 114.80218690227021, 81.16968745537693], "((1, 1), ((0, 0, 0), (1, 0, 1), (1, 0, 0)))": [173.392922129691, 113.24177520940049, 232.6136947378563, 95.3243878720859, 157.56536922034107, 115.41615578608867, 227.79307717177008, 79.77456889457889], "((1, 0), ((0, 0, 1), (1, 0, 1), (0, 0, 1)))": [121.20779314543299, 75.6585271399625, 269.29258892846383, 33.60355074826358, 180.94658739633272, 79.03055095157492, 138.74115333839757, 129.25230841559429], "((1, 1), ((0, 1, 0), (0, 0, 0), (1, 1, 0)))": [213.0800150023275, 229.4890557332888, 214.20582299607486, 221.37394499340402, 208.18224140003502, 159.52588496233318, 354.89446184310935, 169.20439751075534], "((1, 0), ((1, 0, 1), (0, 0, 1), (1, 0, 1)))": [230.7092188492295, 210.1076368019297, 352.0518864401897, 164.11185161162973, 217.86661653272887, 251.11442105224495, 224.06768708182037, 256.00861127383996], "((1, 0), ((0, 0, 1), (1, 0, 1), (1, 0, 1)))": [350.88373681330756, 319.8319943529519, 404.57889138678047, 278.79241182941206, 331.92965104486916, 288.7905993251467, 334.0290222220739, 352.2364730855551], "((1, 1), ((1, 1, 0), (0, 0, 0), (0, 1, 1)))": [202.46993095084338, 218.89741331864832, 206.20220638037256, 204.82972258182014, 218.32412235128973, 210.52386666903848, 203.92899011792915, 219.85402842616404], "((1, 1), ((0, 1, 0), (0, 0, 0), (0, 0, 0)))": [404.80999999955566, 449.89999995946323, 449.8999999987262, 449.49999999923756, 404.809999997239, 404.8099999992546, 499.9999999999998, 404.8099999824663], "((1, 0), ((1, 0, 1), (0, 0, 1), (0, 0, 1)))": [449.5528629313203, 448.9631938170565, 499.99999999722905, 403.4591157003519, 448.79415864853223, 448.05445498266204, 447.47163568993625, 448.8111994566531], "((0, 1), ((0, 0, 0), (0, 0, 0), (1, 1, 1)))": [404.7732914700502, 499.9999999999998, 449.21782858597373, 449.74021253886843, 449.42451185890997, 404.66995023231584, 449.40191539847973, 449.78882131042735], "((0, 1), ((1, 0, 0), (0, 0, 0), (1, 1, 1)))": [364.2158274489491, 449.8902160966469, 404.4013550904676, 404.8075062050415, 404.3840636669236, 404.39361739654527, 404.33849341827715, 449.8999999999995], "((0, 1), ((1, 1, 0), (0, 0, 0), (1, 1, 1)))": [327.70096579255335, 404.80819323098916, 363.82681760352017, 363.8232634126158, 363.827954757263, 363.81961331287636, 363.8272477729846, 404.80999999999926], "((0, 1), ((1, 0, 1), (1, 0, 0), (1, 1, 1)))": [257.19529200792806, 294.8342485894407, 255.58916308086393, 246.08681653648537, 250.71249455522047, 254.0359186126525, 244.87095504978802, 252.62353614172704], "((0, 1), ((0, 1, 1), (0, 0, 0), (1, 1, 1)))": [264.99584645641943, 327.70609999999886, 294.42168309279236, 294.41162458243, 294.2548932441411, 246.15157363391725, 294.3692388882177, 294.27075786408074], "((0, 1), ((1, 1, 1), (0, 0, 0), (1, 1, 1)))": [294.75854162270895, 364.228999999999, 327.24999021875016, 327.27724233422947, 327.28728965185337, 327.18679833740777, 327.25222984366275, 327.30195440286195], "((0, 0), ((0, 0, 1), (0, 0, 1), (1, 1, 1)))": [0.0, 0.0, 0.0, 0.0, 0.0, 0.0, 0.0, 0.0], "((1, 0), ((1, 1, 1), (0, 0, 1), (1, 0, 1)))": [53.07513172454559, 19.5423715644176, 103.62955547732847, 29.050214319154527, 19.921538952233206, 21.228326768951494, 14.490976222520707, 26.439042833331435], "((1, 0), ((1, 0, 1), (1, 0, 1), (0, 0, 1)))": [404.2189169097087, 403.90073672293727, 449.055928091551, 360.8926413654436, 449.8999999994545, 404.0318267406699, 402.7339065959519, 404.10709135063513]}