{"((1, 1), ((1, 1, 1), (1, 0, 0), (1, 1, 1)))": [21.619502213518135, 24.58575139870306, 21.640899416781778, 21.658742143702558, 21.63855945239287, 21.657158009524473, 21.599228020328678, 21.659327035238707], "((1, 1), ((1, 1, 1), (0, 0, 0), (1, 1, 1)))": [23.739528097531846, 27.4297045287739, 23.558235081255177, 23.626392446460265, 23.411145408731528, 23.576259039676014, 23.722840378339544, 23.505782002201016], "((1, 1), ((1, 1, 1), (0, 0, 0), (1, 1, 0)))": [24.55856945371402, 39.96928417616915, 39.616933490168286, 39.58615897064599, 39.60061277117457, 39.579837023658705, 44.52225026361493, 39.62487120502304], "((1, 1), ((0, 0, 0), (1, 0, 1), (1, 0, 1)))": [44.091309287941925, 44.090515317811004, 49.58048806196665, 39.971946407602786, 44.11818656701373, 39.93006998004854, 44.16714761410198, 40.02629377381909], "((1, 1), ((1, 1, 1), (0, 0, 0), (0, 1, 0)))": [39.970402472609194, 44.35661531350316, 40.9829968670119, 40.60291388453173, 44.54616751199145, 40.933529081959094, 41.176635361557686, 41.34840612270704], "((1, 0), ((1, 1, 1), (0, 0, 1), (1, 0, 1)))": [43.78072937729753, 42.29806904740682, 80.4111838902582, 43.6137715345873, 43.671103545327504, 43.45411205445338, 45.60474682369775, 46.286379578073785], "((1, 1), ((1, 1, 1), (0, 0, 0), (1, 0, 1)))": [39.98701423299784, 40.174961393441436, 44.542363097004696, 39.604091174896446, 39.60832768398179, 39.57714403877306, 39.57778303101408, 39.60791587635539], "((1, 0), ((0, 0, 1), (1, 0, 1), (1, 0, 1)))": [42.188237474416034, 41.87015759968004, 38.412369384811456, 42.877526304041425, 42.289355128891735, 41.87296251390516, 41.52903396343488, 42.00619918700058], "((1, 1), ((1, 0, 1), (1, 0, 1), (1, 0, 1)))": [48.45670728091003, 48.74885350537384, 55.20057588006276, 47.63206578717056, 48.76975479358947, 48.800559499818625, 48.81557858585305, 48.64631484211307], "((1, 0), ((1, 0, 1), (1, 0, 1), (1, 0, 1)))": [37.32633180933291, 37.01750368891181, 37.145527088044574, 42.96036303665872, 37.36379063195434, 37.797172634282546, 36.94181686897797, 37.02160566763297], "((1, 0), ((1, 0, 1), (1, 0, 1), (1, 1, 1)))": [32.58168523637693, 32.35666509328559, 32.30855298818061, 36.131870560481104, 32.33331600685207, 32.17972267995802, 32.40143761241262, 32.46624498062099], "((1, 1), ((1, 0, 1), (1, 0, 1), (1, 0, 0)))": [64.86609999999979, 64.86609999999979, 65.2660999999998, 49.62865723447581, 64.86609999999979, 64.86609999999979, 72.62899999999982, 64.86609999999979], "((1, 1), ((0, 1, 1), (0, 0, 0), (1, 1, 0)))": [65.2660999999998, 68.10293612048012, 72.22899999999981, 72.22899999999981, 72.22899999999981, 65.2660999999998, 80.80999999999986, 72.22899999999981], "((1, 0), ((0, 0, 1), (1, 0, 1), (0, 0, 1)))": [80.40999999999985, 80.40999999999985, 89.89999999999989, 68.97227666080938, 89.89999999999989, 72.62899999999982, 80.40999999999985, 80.40999999999985], "((1, 1), ((1, 1, 0), (0, 0, 0), (0, 1, 0)))": [80.80999999999986, 89.89999999999989, 89.49999999999989, 89.49999999999989, 80.80999999999986, 89.49999999999989, 99.99999999999994, 80.80999999999986], "((1, 1), ((1, 0, 1), (1, 0, 0), (1, 1, 1)))": [64.86609999999979, 72.62899999999982, 64.86609999999979, 65.2660999999998, 64.86609999999979, 64.86609999999979, 64.86609999999979, 64.86609999999979], "((1, 0), ((1, 0, 1), (0, 0, 1), (1, 0, 1)))": [89.89999999999989, 89.49999999999989, 99.99999999999994, 80.80999999999986, 89.49999999999989, 89.49999999999989, 89.49999999999989, 89.49999999999989], "((0, 1), ((1, 0, 0), (1, 0, 1), (0, 0, 1)))": [80.40999999999985, 80.40999999999985, 72.62899999999982, 80.80999999999986, 72.62899999999982, 80.40999999999985, 80.40999999999985, 89.89999999999989], "((-1, 1), ((1, 0, 1), (0, 0, 1), (1, 1, 1)))": [72.62895449129743, 72.22874666954823, 72.22881045173804, 80.80999999999986, 72.22898581816155, 72.22897604701613, 72.22801512295344, 72.22898681288378], "((-1, 1), ((1, 1, 0), (0, 0, 0), (1, 1, 1)))": [60.9974282853105, 72.62899346339151, 72.2289891207579, 72.22893725305514, 72.22886503373441, 72.22824226001842, 72.22880019594685, 80.80999999999986], "((-1, 1), ((1, 1, 1), (0, 0, 0), (1, 1, 1)))": [60.35794294784425, 69.12998194187847, 58.39871238922982, 59.92179987667584, 59.39169999725468, 59.29166132756446, 59.47217677293875, 58.600818828297086], "((1, 1), ((1, 1, 1), (1, 0, 0), (1, 0, 1)))": [80.40999999999985, 89.89999999999989, 80.80999999999986, 80.40999999999985, 80.40999999999985, 80.40999999999985, 80.40999999999985, 80.40999999999985], "((0, 0), ((0, 0, 1), (1, 0, 1), (1, 0, 1)))": [0.0, 0.0, 0.0, 0.0, 0.0, 0.0, 0.0, 0.0]}