{"((1, 1), ((1, 1, 1), (1, 0, 0), (1, 0, 1)))": [13.41548536438558, 26.806271607328295, 11.602012945073806, 12.229832064894088, 12.90040253591775, 12.058113537867762, 13.722271547699549, 11.107947199685386], "((1, 1), ((1, 1, 1), (0, 0, 0), (0, 1, 1)))": [14.31126044604954, 30.34042939301224, 13.57662787303286, 12.342206551821265, 12.15842551496029, 15.443817534456121, 16.93594685256368, 16.530073700466833], "((1, 1), ((1, 0, 0), (1, 0, 1), (1, 0, 1)))": [4.4714788431936565, 6.957817404995417, 0.2554059669914148, 3.0612525384224334, 8.009464818937303, 3.824956992534475, 3.8502289135241856, 17.616918457400928], "((1, 1), ((1, 0, 1), (1, 0, 1), (1, 0, 1)))": [-0.8135376072534679, -0.8603887229390189, -0.7997862556275169, 4.218598707046095, -0.8753172321133307, -0.9462700314922491, -1.3807977122949515, -0.8012393393807806], "((1, 1), ((1, 1, 1), (0, 0, 0), (1, 1, 0)))": [13.690660967919538, 13.37438471868344, 17.49648247318743, 12.896418312727976, 12.901556210010158, 17.500561964160543, 34.267247702092945, 12.917653288872835], "((1, 1), ((0, 0, 1), (1, 0, 1), (0, 0, 0)))": [19.28973462147132, 20.5562134668089, 12.239513396092699, 13.03724075733538, 12.299870664448155, 15.781992563615256, 38.63035937898404, 19.703209819000158], "((1, 1), ((1, 1, 1), (0, 0, 1), (1, 0, 1)))": [11.468549884075523, 11.606368409629983, 21.786604939620695, 9.789309495300964, 10.64711002061545, 11.706443022513588, 9.669315141269768, 9.77287178421087], "((1, 1), ((1, 0, 1), (1, 0, 1), (1, 0, 0)))": [-0.7762983646202959, -0.794481174174283, -0.7933787911178388, -0.7584744644839374, -0.789734618502751, -0.7945642057979498, 3.732308338396015, -0.7959705724253336], "((1, 1), ((1, 0, 1), (1, 0, 0), (1, 1, 1)))": [-0.8173597214994126, -0.7336102593437034, -0.7916723801597004, -0.5736549273406536, -0.8167680671924242, -0.7497953835443506, -0.7557297960343309, -0.7544815763284568], "((1, 1), ((0, 1, 0), (0, 0, 0), (1, 1, 0)))": [22.571421255371774, 52.58197551506507, 51.64012374150687, 52.18502501827642, 52.12932215610083, 31.810066145974535, 59.536561091456164, 46.760707095110156], "((1, 1), ((1, 0, 0), (1, 0, 1), (0, 0, 1)))": [-0.7249209092687339, -0.7136634599801523, -0.40175325234691917, -0.6920038301625125, -0.6739365756870982, -0.7873960408652616, -0.7081724232219723, 9.365099535893918], "((1, 1), ((1, 0, 1), (0, 0, 0), (0, 1, 1)))": [3.898200850688349, 16.09286924509324, 5.447914958993551, 4.111265774377385, 1.4329436736406351, 7.535884361331008, 2.063964916060632, 5.115288761942101], "((1, 1), ((0, 1, 0), (0, 0, 0), (1, 1, 1)))": [12.481746514881022, 25.63560356097458, 14.172576222323148, 13.407610942615634, 13.424272041018256, 16.319714745588712, 13.383661154935027, 12.435578250298605], "((1, 1), ((1, 0, 0), (1, 0, 1), (0, 0, 0)))": [4.782705787095445, 5.625260492920818, 17.085059591140457, 6.391071774517574, 2.184727354595977, 4.628592446284274, 4.879463907108423, 9.335419638583675], "((1, 1), ((1, 1, 0), (1, 0, 0), (1, 0, 1)))": [7.395650182935613, 5.080615269559038, 1.9307156991057015, 6.121103082964806, 4.286325984105632, 6.402079062795834, 11.260525551808117, 16.15318701755039], "((1, 1), ((1, 0, 1), (0, 0, 1), (1, 0, 1)))": [-0.6673707471732276, -0.8032633107025733, 1.593834440496203, -0.6677399647416647, -0.6884400955159303, -0.6653691004515708, -0.6553792670972391, -0.6665699506575412], "((1, 1), ((1, 0, 1), (0, 0, 0), (1, 1, 1)))": [16.631655021767827, 29.03969439620302, 14.776743466438539, 12.69350743600793, 15.773489549600002, 15.162534616038654, 13.967193146412576, 12.810342825495457], "((1, 1), ((0, 1, 1), (0, 0, 0), (1, 1, 0)))": [15.170219751882948, 12.75510622691562, 12.865904267929997, 13.942522630751563, 14.416387444003329, 12.984223524903316, 32.821993392390425, 14.450778501713582], "((1, 1), ((1, 0, 0), (1, 0, 0), (0, 0, 0)))": [45.293853400722895, 39.79458239952724, 50.09697518856818, 40.338956433252726, 43.005468413712606, 44.97630831737959, 52.850057407903115, 39.34414101217682], "((1, 0), ((0, 0, 1), (0, 0, 1), (0, 0, 1)))": [39.887607247379215, 39.35230829432184, 40.192047482326366, 38.66607860267562, 47.98891882451862, 37.53041372613151, 38.9986226106413, 38.67632493072735], "((1, 1), ((0, 0, 0), (1, 0, 0), (1, 0, 0)))": [35.73062536453553, 38.791098979084765, 41.26441976920004, 34.82614832069789, 35.85361540739463, 16.970989813201268, 38.96852020411659, 35.092984787771194], "((1, 1), ((1, 0, 0), (1, 0, 0), (1, 0, 0)))": [40.653452145226545, 39.887205453142265, 46.455159910017656, 36.43623999229193, 40.36715081047673, 40.38152921399181, 40.2295880474127, 39.69838615588373], "((1, 1), ((1, 1, 0), (0, 0, 0), (0, 1, 1)))": [-0.3662920027972307, 0.5720669845056982, -0.4552879518132583, -0.45673955252293386, -0.4214880252129262, -0.4175291337394941, -0.4636800400006269, -0.4298199175894307], "((1, 1), ((1, 0, 1), (0, 0, 1), (1, 1, 1)))": [-0.4034210806667328, -0.44449529367252893, -0.45354334974461735, -0.36240247767262496, -0.3960291355375451, -0.4850874675412591, -0.4233826136120027, -0.46673639240445725], "((1, 1), ((1, 1, 0), (0, 0, 0), (1, 1, 1)))": [6.959259223565781, 31.71255405002002, 12.803579473676631, 8.520920844517722, 10.03628292049909, 10.928825163863145, 12.853367836124397, 11.16885522727487], "((1, 1), ((0, 0, 0), (1, 0, 1), (0, 0, 0)))": [58.696281170210426, 58.73360612899788, 66.70729173022457, 52.86500225819515, 26.812827941703098, 52.75414116020632, 64.81616264152782, 52.698099553538704], "((1, 1), ((1, 0, 0), (0, 0, 0), (1, 0, 1)))": [43.52035426370488, 51.61926793608407, 59.4382594530227, 46.17571745041247, 50.81301619945466, 51.1357855092558, 51.443699259116514, 40.31814189771302], "((1, 1), ((1, 1, 1), (0, 0, 0), (1, 1, 1)))": [15.897255087878154, 5.64989651374897, 2.7284167056020245, 2.5998401635309305, 1.5661106389688744, 1.5938220813694577, 0.38653541151404586, 1.0092891029620128], "((1, 0), ((0, 1, 1), (0, 0, 1), (1, 0, 1)))": [58.68279992176852, 58.939660066222075, 74.58514574482514, 57.9053645606767, 59.44156188380315, 56.729134898179794, 58.59466276900752, 58.58422010349678], "((1, 0), ((0, 0, 1), (0, 0, 1), (0, 1, 1)))": [51.22090381539967, 50.6956287105294, 51.39231644139727, 39.71688325984437, 59.45220362332955, 45.98846260105293, 51.22026707674738, 50.87029903625365], "((1, 1), ((1, 0, 1), (0, 0, 0), (1, 1, 0)))": [33.181956795490564, 65.88234187478683, 66.05443724493288, 59.29133825548808, 65.379386759273, 65.9638388029667, 74.67476954449114, 65.9973031803236], "((1, 1), ((1, 1, 0), (0, 0, 0), (0, 0, 0)))": [33.47331471135996, 44.33988901432172, 34.942852110073204, 38.49551215121295, 34.934383423279, 38.21606074513887, 35.40649248894144, 3.613138821862917], "((1, 1), ((0, 0, 0), (0, 0, 0), (0, 0, 0)))": [34.397208218673406, 34.499707340664536, 31.012017549796816, 36.230636133990345, 30.910623218827542, 32.418436247982825, 31.538864714465838, 37.372429516427296], "((1, 1), ((1, 0, 1), (0, 0, 0), (0, 0, 0)))": [39.043724269965956, 50.852441418027944, 35.57814223884626, 1.8213575912599915, 35.09351548987452, 42.700819809387326, 35.50374039758126, 43.02587308566618], "((0, 1), ((0, 0, 0), (0, 0, 0), (1, 1, 1)))": [33.11910759205113, 31.72349396168068, 31.570938792572388, 34.335604230364595, 30.888259242391683, 33.68553037469293, 30.280497336518707, 33.62706874215679], "((0, 1), ((0, 0, 1), (0, 0, 0), (1, 1, 1)))": [36.02364200287123, 46.49261286862053, 47.49534605118249, 54.49214415286252, 48.08150726958047, 38.24103984471684, 47.50055822018048, 47.17703932357665], "((1, 1), ((0, 0, 0), (0, 0, 1), (0, 0, 0)))": [36.319820098530364, 51.409348971380034, 48.71086532835873, 52.516718714738445, 32.756803574064, 50.27012033564691, 50.3557789537272, 62.17786237782365], "((1, 1), ((1, 1, 0), (0, 0, 0), (0, 1, 0)))": [53.95468039828831, 65.12823201837634, 57.10835551577003, 57.25755850815665, 56.12125548636743, 57.16633216767625, 60.16055089567578, 60.31999468875423],