{"((1, 1), ((1, 1, 1), (1, 0, 0), (1, 0, 1)))": [-1.3999999939102317, -0.999999999999994, -0.9999999999572737, -1.3999999901432252, -1.3999999949513442, -1.3999999916977584, -1.399999963083914, -1.3999999974425148], "((1, 1), ((1, 0, 0), (1, 0, 1), (1, 0, 1)))": [-1.3999999167841726, -1.3999998056042826, -0.9999999993964211, -0.999999999999994, -1.3999998558381863, -1.3999999303972899, -1.3999999053579286, -0.999999999999994], "((1, 1), ((1, 1, 1), (0, 0, 0), (0, 1, 0)))": [-0.999999999999994, -0.999999999999994, -1.3999999987597116, -1.3999999998608306, -0.999999999999994, -1.399999999565311, -0.999999999999994, -1.399999996038009], "((1, 1), ((0, 0, 1), (1, 0, 1), (1, 0, 0)))": [-1.3999999998611439, -1.3999999999469597, -0.999999999999994, -0.999999999999994, -1.3999999994703727, -0.999999999999994, -0.9999999994826971, -1.3999999996394525], "((1, 1), ((1, 0, 1), (1, 0, 0), (1, 1, 1)))": [-1.3999999994958126, -0.9999999999474545, -1.3999999999045367, -0.999999999999994, -1.3999999997764998, -1.3999999997856416, -1.3999999996813273, -1.3999999978123174], "((1, 1), ((0, 1, 0), (0, 0, 0), (1, 1, 1)))": [-0.999999999999994, -0.999999999999994, -1.3999999992236707, -1.3999999986294398, -1.399999991263812, -0.999999999999994, -1.3999999996060704, -0.9999999980541352], "((1, 1), ((1, 0, 0), (1, 0, 1), (0, 0, 1)))": [-1.39999999988507, -1.3999999996266075, -0.999999999999994, -0.999999999999994, -0.999999999755169, -1.3999999996660444, -1.3999999993769567, -0.999999999999994], "((1, 1), ((1, 1, 1), (0, 0, 0), (0, 1, 1)))": [-0.999999999999994, -0.9999999998578983, -1.3999999876620746, -1.3999999985326441, -0.999999999999994, -1.3999999719694285, -1.3999999984823124, -1.399999988073598], "((1, 1), ((1, 1, 1), (0, 0, 0), (1, 1, 1)))": [-0.999999999999994, -0.9999999997568029, -1.39999998855211, -1.3999999707152153, -1.399999944791121, -1.399999986875736, -1.3999999386657318, -1.3999999659430107], "((1, 1), ((1, 0, 1), (0, 0, 1), (1, 1, 1)))": [-0.999999999174072, -1.3999997855692252, -1.3999999790867528, -0.999999999999994, -1.39991345253086, -1.3999373123444476, -1.399931153711603, -1.3999950072132534], "((1, 1), ((1, 1, 1), (0, 0, 1), (1, 0, 1)))": [-0.999999999999994, -1.3999999984530622, -0.999999999999994, -1.3999999986590854, -1.3999999964264642, -1.3999999956441516, -1.3999999968688261, -1.399999999282038], "((1, 1), ((1, 0, 1), (1, 0, 1), (1, 0, 1)))": [-1.3999996362811573, -1.399999506125106, -0.9999999996673375, -0.999999999999994, -1.39999975029308, -1.399999724645657, -1.3999996514728514, -1.3999997034312346], "((1, 1), ((1, 0, 1), (1, 0, 1), (1, 0, 0)))": [-1.3999999768630331, -1.3999999124072857, -0.9999999999987152, -0.999999999665582, -1.3999999884166248, -1.3999999983963531, -0.999999999999994, -1.3999999993374739], "((1, 1), ((0, 1, 1), (0, 0, 0), (1, 1, 1)))": [-0.999999999999994, -0.9999999994375615, -1.3999999959468776, -1.3999998874614181, -1.39999990178877, -0.999999999999994, -1.3999999564567653, -1.3999999819737259], "((1, 1), ((1, 1, 0), (0, 0, 0), (1, 1, 0)))": [-0.999999994096849, -0.9999999996760032, -1.3999998852247055, -1.399999926381974, -1.399999911257896, -1.3999999388842446, -0.9999999856937389, -0.9999999943419667], "((1, 1), ((1, 0, 1), (0, 0, 1), (1, 0, 1)))": [-0.9999999732838114, -1.3999995765594428, -0.999999999685806, -0.999999999660962, -1.3999991240612584, -1.3999997942516922, -1.3999990771054058, -1.399999847675231], "((1, 1), ((1, 1, 1), (0, 0, 0), (1, 1, 0)))": [-0.9999999997580796, -0.9999999999999737, -1.399999818502469, -1.3999998041384965, -1.3999976671461412, -1.399995610940045, -0.9999999999103125, -1.3999998530805227], "((1, 1), ((1, 0, 1), (1, 0, 1), (0, 0, 1)))": [-1.3999212145526427, -1.3999549154076805, -0.9999999981284885, -0.9999999980349432, -0.9999999980296199, -1.3999668086476647, -1.399971298548339, -1.399990802351839], "((1, 1), ((0, 0, 0), (1, 0, 1), (1, 0, 1)))": [-1.391193132763346, -1.3953745396612494, -0.9999993990192302, -0.9999994012101115, -1.3867667258209264, -0.9999993967770957, -1.3935603598746618, -0.9999994004494126], "((1, 1), ((1, 1, 0), (0, 0, 0), (0, 1, 1)))": [-0.9999993926444309, -0.9999993960632809, -1.3990223776553523, -1.3986851287976, -0.9999993939014316, -1.3969141655235515, -1.3985701201903598, -0.9999993932417484], "((1, 1), ((1, 0, 1), (0, 0, 0), (1, 1, 1)))": [-0.9999993905218324, -0.9999994347868947, -1.3909753697278564, -0.9999993901842077, -1.3971094353012983, -1.3975353319998758, -1.3949918035264628, -1.3957142531703584], "((1, 1), ((1, 1, 1), (0, 0, 0), (1, 0, 1)))": [-0.9999993986893451, -0.9999993998735738, -0.9999993975766097, -1.384720715474961, -1.3949737488104232, -1.3923525409751116, -1.3912991496924934, -1.383508142508607], "((1, 1), ((1, 0, 0), (1, 0, 1), (0, 0, 0)))": [-1.3950883451234009, -1.3979403650760698, -0.9999993878562767, -0.9999994130836972, -0.9999993821393187, -1.399137843454078, -0.9999994344524232, -0.9999994365820357], "((1, 1), ((1, 1, 0), (0, 0, 0), (1, 1, 1)))": [-0.9999999999999716, -0.9999999999999716, -1.3999068156059973, -1.3993554028682662, -1.3999907387532315, -1.3997605943605371, -1.3997230704871935, -0.9999999999999718], "((1, 0), ((0, 0, 1), (1, 0, 1), (0, 0, 1)))": [-1.399999643395319, -1.3981965750328826, -0.9999999999999717, -0.9999999999999715, -0.9999999999999716, -0.9999999999999717, -1.3999446680830243, -1.3999955937338004], "((1, 0), ((1, 1, 1), (0, 0, 1), (1, 0, 1)))": [-0.9999999999999714, -1.3997863733975495, -0.9999999999999715, -1.399999953817391, -1.3999420327530818, -1.3993028213606427, -1.399999680963557, -1.399517598513424], "((1, 0), ((1, 0, 1), (0, 0, 1), (1, 1, 1)))": [-0.9999999999999716, -1.399685380810411, -1.3999827136467835, -0.9999999999999716, -1.399999968414504, -1.399992704842992, -1.3998476503726012, -1.3999999971122106], "((1, 1), ((0, 0, 0), (1, 0, 0), (1, 0, 1)))": [-1.3998869883441891, -0.9999999454067243, -0.9999999453522745, -0.9999999449752545, -1.3998591598707155, -0.99999994556033, -1.399790633377342, -0.9999999454986686], "((1, 1), ((1, 1, 1), (0, 0, 0), (1, 0, 0)))": [-0.9999999450760705, -0.9999999454200421, -0.9999999449561233, -1.3999014501277556, -1.3998070181089142, -1.3998663508218647, -0.9999999449928422, -1.3997718218522712], "((1, 0), ((0, 0, 1), (0, 0, 1), (0, 1, 1)))": [-0.9999999451550079, -1.3995518141154313, -1.3998062119838235, -0.9999999448369675, -0.9999999452837425, -0.9999999448392914, -1.3996971772176898, -1.3997862480049235], "((1, 0), ((1, 1, 1), (0, 0, 1), (0, 0, 1)))": [-0.9999999447962022, -1.3995651599380672, -0.9999999449415126, -1.3997432793921982, -0.999999945313043, -1.3996971135472243, -1.3996473953595872, -1.399778562726041], "((1, 1), ((1, 0, 1), (1, 0, 1), (0, 0, 0)))": [-1.3758022184486745, -1.3711226900578826, -0.9913139457293136, -0.9922123924147467, -0.9934276167673161, -1.3670765618545768, -0.984283699602439, -1.3631301507266806], "((1, 1), ((0, 0, 1), (1, 0, 1), (0, 0, 0)))": [-0.2346119657724783, -0.23610721926037592, -0.3935877829116727, -0.5095653675337071, -0.45969176293118136, -0.29767073017693857, -0.34080054686094463, -0.23115408462668202], "((1, 0), ((0, 0, 1), (1, 0, 1), (1, 0, 1)))": [18.47564576828902, 19.792247961308494, 52.19825650854676, -0.23463547988094074, 30.517581085036483, 1.8055356814645844, 25.72156846317027, 26.714667867143714], "((1, 0), ((1, 0, 1), (1, 0, 1), (1, 0, 1)))": [48.49708426921315, 48.73863012036641, 58.094673752738295, 47.142484970326215, 48.888118576780776, 48.2445049421739, 48.757757287714355, 48.96511371828271], "((1, 0), ((1, 0, 1), (1, 0, 1), (0, 0, 1)))": [56.678316892974124, 43.72821244555123, 89.77013546737875, 25.90961843555237, 0.6352247607992275, 53.641686869037066, 34.903609939352414, 39.20914436906061], "((1, 0), ((1, 0, 1), (0, 0, 1), (1, 0, 1)))": [0.3530793804632446, 52.55214543931213, 99.97815254994714, 41.2007386650148, 53.73627380743741, 53.445847103616494, 67.78383650115337, 49.31086133456659], "((0, 0), ((0, 0, 1), (1, 0, 1), (1, 1, 1)))": [0.0, 0.0, 0.0, 0.0, 0.0, 0.0, 0.0, 0.0]}