{"((1, 1), ((1, 1, 1), (1, 0, 0), (1, 1, 1)))": [21.62597187017394, 24.586965712066046, 21.59421554673162, 21.67461899124646, 21.618302639344158, 21.607358951683555, 21.639641465753016, 21.62164038187511], "((1, 1), ((1, 1, 1), (0, 0, 0), (1, 1, 1)))": [23.58893375864808, 27.430031674691502, 23.545162744927662, 23.573679098113438, 23.60018089036343, 23.292362025268314, 23.589024427299353, 23.644726113715507], "((1, 1), ((1, 1, 1), (0, 0, 0), (1, 1, 0)))": [24.535419098457112, 39.96398849177314, 39.598487946069085, 39.551119880639625, 39.5526554826636, 39.57532010795832, 44.52246789875255, 39.534607500171106], "((1, 1), ((1, 1, 1), (0, 0, 0), (1, 0, 1)))": [39.916763686237886, 40.693896655087634, 44.51329321437059, 39.523780530740645, 39.51157406356446, 39.515089730138996, 39.593288310737215, 39.57888979113571], "((1, 1), ((0, 0, 0), (1, 0, 1), (1, 0, 1)))": [44.19504423246469, 44.123662557711036, 49.5805190994175, 39.94949003357822, 44.08630797116982, 39.96353816253077, 44.13906867627602, 39.97133167174761], "((1, 1), ((1, 0, 1), (1, 0, 1), (1, 0, 1)))": [48.71041060940133, 48.58793359855224, 55.20057671142787, 47.84744092880237, 48.44827864224005, 48.436472751102684, 48.65487015213048, 48.51799197422805], "((1, 1), ((1, 0, 1), (1, 0, 1), (1, 0, 0)))": [64.86609999999979, 64.86609999999979, 65.2660999999998, 49.58834651598101, 64.86609999999979, 64.86609999999979, 72.62899999999982, 64.86609999999979], "((1, 1), ((0, 1, 1), (0, 0, 0), (1, 1, 0)))": [65.2660999999998, 64.81356962364501, 72.22899999999981, 72.22899999999981, 72.22899999999981, 65.2660999999998, 80.80999999999986, 72.22899999999981], "((1, 0), ((1, 1, 1), (0, 0, 1), (1, 0, 1)))": [72.60717214890339, 48.765819409149934, 47.816364932436265, 49.36626340363915, 47.70694304600596, 48.25342071809466, 49.17499550023813, 45.782741616606465], "((1, 0), ((0, 0, 1), (1, 0, 1), (0, 0, 1)))": [80.40999999999985, 80.40999999999985, 89.89999999999989, 64.85226037194236, 89.89999999999989, 72.62899999999982, 80.40999999999985, 80.40999999999985], "((1, 1), ((1, 1, 0), (0, 0, 0), (0, 1, 0)))": [80.80999999999986, 89.89999999999989, 89.49999999999989, 89.49999999999989, 80.80999999999986, 89.49999999999989, 99.99999999999994, 80.80999999999986], "((0, 1), ((1, 0, 0), (1, 0, 1), (0, 0, 1)))": [80.40999830872155, 80.40999690675147, 72.62819660219114, 80.80999818393387, 72.62862509674903, 80.40999803609202, 80.40984527013636, 89.89999999999989], "((-1, 1), ((1, 1, 0), (0, 0, 0), (1, 1, 1)))": [57.21138666324458, 72.14784961178782, 71.3766730250205, 70.9710395765735, 71.64913253272495, 71.07028311687375, 71.25792692783132, 80.80996071860135], "((-1, 1), ((1, 0, 1), (0, 0, 1), (1, 1, 1)))": [70.95202279000296, 71.90404139480222, 71.57800806394071, 80.80996198772381, 72.1075051770043, 71.89193292398407, 71.8699648708649, 71.97284912342518], "((1, 1), ((1, 1, 1), (0, 0, 0), (0, 1, 0)))": [39.912851617070814, 44.29947721175266, 42.01532134527494, 41.08073003172999, 44.5092090863212, 40.5199040609277, 39.55514467628691, 40.588734506614166], "((1, 1), ((1, 0, 1), (1, 0, 0), (1, 1, 1)))": [64.86609999999979, 72.62899999999982, 64.86609999999979, 65.2660999999998, 64.86609999999979, 64.86609999999979, 64.86609999999979, 64.86609999999979], "((1, 0), ((0, 0, 1), (1, 0, 1), (1, 0, 1)))": [40.15553966990136, 40.48347832161653, 36.59003838189875, 47.56168868962686, 40.43472716352259, 41.3851285675881, 41.038763583076374, 39.18928771613779], "((1, 0), ((1, 0, 1), (1, 0, 1), (1, 0, 1)))": [36.289935726061415, 36.28917896224875, 36.25134346488434, 40.39616758296896, 36.322161997269006, 36.20468076652895, 36.32293785721807, 35.90663395718096], "((1, 0), ((1, 0, 1), (1, 0, 1), (1, 1, 1)))": [31.382594403695954, 31.06005608479792, 31.441467669957596, 35.90123835569787, 31.427002129419897, 31.32902431512422, 31.302141789925816, 31.202990088076092], "((1, 1), ((1, 1, 1), (1, 0, 0), (1, 0, 1)))": [80.40999477199723, 89.89999999999989, 80.80997101786099, 80.40999134172087, 80.4099777443194, 80.40999401612027, 80.40999511003076, 80.40998819691457], "((0, 0), ((0, 0, 1), (1, 0, 1), (1, 0, 1)))": [0.0, 0.0, 0.0, 0.0, 0.0, 0.0, 0.0, 0.0], "((1, 0), ((1, 0, 1), (0, 0, 1), (1, 0, 1)))": [89.89999999999989, 89.49999999999989, 99.99999999999994, 80.80999999999986, 89.49999999999989, 89.49999999999989, 89.49999999999989, 89.49999999999989], "((-1, 1), ((1, 1, 1), (0, 0, 0), (1, 1, 1)))": [41.54391365573737, 70.01385806379155, 41.83770692432137, 44.30162997825158, 41.82799093943447, 51.51917052663928, 47.05861830240502, 45.16637871686372]}