{"((1, 1), ((1, 1, 1), (1, 0, 0), (1, 0, 1)))": [25.521642551227938, 29.582192290442187, 26.04272900017068, 25.535677823723464, 25.5484541328752, 25.568350339184377, 25.54014220796652, 25.553301994896934], "((1, 1), ((1, 1, 1), (0, 0, 0), (0, 1, 0)))": [26.022019480999308, 29.496934171865103, 28.98838427619886, 29.051116002696254, 26.05096687803055, 28.986849871242647, 33.43219015196403, 28.996770936480967], "((1, 1), ((1, 1, 1), (0, 0, 1), (1, 0, 1)))": [29.354677184274834, 28.90361015170531, 33.32370807635485, 28.899101293021502, 28.924163197863606, 28.97682081680987, 28.924035670502885, 28.992791220155578], "((1, 1), ((0, 0, 1), (1, 0, 1), (1, 0, 0)))": [32.83774003348227, 32.81368232851885, 33.31943821960591, 29.502046496683192, 32.866857188407586, 29.52007924102637, 37.69212328816755, 32.794300988616314], "((1, 1), ((1, 0, 1), (1, 0, 0), (1, 1, 1)))": [28.88393309999779, 37.55288817154396, 29.123512855873035, 30.818577328390695, 27.549180269108156, 29.37329150395612, 27.8299809413018, 30.050940070029775], "((1, 1), ((0, 1, 0), (0, 0, 0), (1, 1, 1)))": [33.311288853994064, 37.648615380120944, 37.096185733739745, 37.081182062799975, 37.10139030607504, 33.28957740306002, 37.1271643777662, 42.4063814919203], "((1, 0), ((1, 0, 0), (1, 0, 1), (0, 0, 1)))": [41.78042319275417, 41.8568203635471, 37.63135370117818, 42.348768497602485, 37.58986794574728, 41.78424311001887, 41.838958272285694, 47.634786103286025], "((1, 0), ((1, 1, 1), (1, 0, 0), (1, 0, 1)))": [41.73626993285738, 47.56614923759422, 42.34208548828406, 41.78939803431536, 41.796245095245645, 41.826014060715146, 41.75334282482415, 41.74605819755525], "((1, 0), ((1, 0, 1), (0, 0, 1), (1, 1, 1)))": [37.592881084352065, 37.05999451291151, 37.09930665035541, 42.38689057227462, 37.06936426596865, 37.06159234417472, 37.08629674308831, 37.05559116442693], "((1, -1), ((1, 1, 1), (0, 0, 0), (0, 1, 0)))": [42.3839025760966, 47.527106921218724, 47.12239538377265, 47.05934452357408, 42.33064889115904, 47.118765056251924, 53.449229706797816, 47.08732097548833], "((1, -1), ((0, 0, 1), (1, 0, 1), (1, 0, 1)))": [52.87574818898547, 52.96673571375738, 59.92426526944769, 47.546045212995836, 52.99685753751809, 47.55299951966862, 53.02651542341048, 52.92710569886032], "((1, -1), ((1, 1, 1), (0, 0, 1), (1, 0, 1)))": [47.45531324402729, 46.97294291479613, 53.373861951904196, 47.05017252772563, 47.00791519401263, 46.98760702537937, 47.02448283295218, 46.99649291997582], "((1, -1), ((1, 0, 1), (1, 0, 1), (1, 0, 1)))": [58.85455027311722, 58.622008563908835, 67.1317635893329, 56.92363829853041, 58.73810503707825, 58.83945727933575, 58.62880075719762, 58.60776219540377], "((1, -1), ((1, 0, 1), (1, 0, 1), (0, 0, 1)))": [79.54999999999984, 79.54999999999984, 80.04999999999984, 59.931417293238, 89.49999999999989, 79.54999999999984, 79.54999999999984, 79.54999999999984], "((0, -1), ((1, 1, 0), (0, 0, 0), (1, 1, 1)))": [99.99999999999994, 80.04999999999984, 88.99999999999989, 88.99999999999989, 88.99999999999989, 88.99999999999989, 88.99999999999989, 80.04999999999984], "((0, -1), ((1, 0, 1), (0, 0, 1), (1, 1, 1)))": [89.49999999999989, 79.54999999999953, 79.54999999998913, 80.04999999999971, 79.54999999999822, 79.54999999999127, 79.54999999994746, 79.54999999999944], "((1, 1), ((1, 0, 0), (1, 0, 1), (1, 0, 1)))": [25.458901031642036, 25.55912740725611, 22.87727178825473, 26.040434127359184, 25.529442420346722, 25.512197628687552, 25.497026757340393, 29.50362124915661], "((1, 1), ((1, 0, 1), (1, 0, 1), (1, 0, 1)))": [22.315729832732874, 22.302390292834687, 24.317395219387613, 25.999427732064902, 22.32776955514077, 22.313232462797227, 22.299223568831344, 22.24781883077631], "((1, 1), ((1, 0, 1), (1, 0, 1), (1, 0, 0)))": [24.15994481705989, 23.981816991421418, 26.601897701950744, 22.820847093236296, 23.68335228234739, 23.813106794068386, 23.887301347031155, 23.852756825177327], "((1, 1), ((0, 1, 1), (0, 0, 0), (1, 1, 0)))": [26.055505197666243, 21.197874743916223, 24.38640152300581, 24.0158416693964, 24.071807498109614, 24.764401169378093, 21.400798826650604, 24.116353436727575], "((1, 1), ((0, 0, 0), (1, 0, 1), (0, 0, 1)))": [20.33455151420484, 20.667967089058468, 17.591559785834754, 20.855192791375362, 18.293600502137462, 24.753255255110354, 20.476297338301332, 18.023605972841995], "((0, 1), ((1, 0, 1), (0, 0, 1), (1, 1, 1)))": [15.969706777290037, 13.423764486797754, 14.174031246506797, 20.87021363504522, 15.741314958054897, 15.192840127720892, 14.603184230737464, 14.166941143278311], "((0, 1), ((1, 1, 0), (0, 0, 0), (1, 1, 1)))": [8.681568412966554, 14.51983991923266, 15.50036023334038, 16.998997694750983, 15.472550292700644, 16.586013413266876, 16.357153212168317, 20.974960582484442], "((1, 1), ((1, 1, 1), (0, 0, 0), (1, 0, 1)))": [24.743509785575235, 18.03281674521021, 20.94853897659569, 20.498088999138243, 20.614118123238615, 20.630771257021152, 20.579661361616616, 20.529739416312864], "((0, 1), ((1, 1, 1), (1, 0, 0), (1, 1, 1)))": [6.3133236766967675, 14.998490135367495, 4.003459678905694, 4.209387180319574, 4.851996578060911, 2.529782712911196, 5.1265231639340065, 4.264771121767464], "((1, 1), ((1, 1, 1), (0, 0, 0), (0, 1, 1)))": [21.12836662422446, 13.965464696552818, 16.25296786535172, 16.311925871207553, 20.700838674977753, 16.342828493179315, 16.54515296581568, 17.12414885562642], "((0, 0), ((1, 1, 1), (1, 0, 0), (1, 1, 1)))": [0.0, 0.0, 0.0, 0.0, 0.0, 0.0, 0.0, 0.0], "((1, 0), ((1, 1, 1), (0, 0, 1), (1, 1, 1)))": [17.924503109188432, 8.18765353880285, 6.765243761109281, 11.084709165730835, 10.582612679297647, 10.37781658029858, 9.639016425579197, 7.724366200032263]}