{"((1, 1), ((1, 1, 1), (1, 0, 0), (1, 0, 1)))": [9.676215786830312, 23.448359070401597, 1.3131810266266486, 1.873309706372893, 4.981207476634593, 6.775875731324799, 5.151986788149757, 1.3207461401639555], "((1, 1), ((1, 1, 1), (0, 0, 0), (0, 1, 1)))": [5.564746126238392, 27.10645835437003, 3.7854599257424844, 1.363807769501262, 1.463483608365403, 3.0849301913486, 5.457963319030555, 9.193456108480774], "((1, 1), ((1, 0, 0), (1, 0, 1), (1, 0, 1)))": [1.3610386202662466, 1.3221741403126694, 1.3706123192663213, 1.3789764137333926, 1.3433145626985976, 1.3759411335343352, 1.3761665166768113, 3.8899443934297815], "((1, 1), ((1, 0, 1), (1, 0, 1), (1, 0, 1)))": [1.3330708021004172, 1.0146739575643147, 1.2119005631593598, 1.345652199600688, 0.9848718769570948, 0.9598309833498646, 1.331055963227889, 1.0084923651372544], "((1, 1), ((1, 0, 1), (1, 0, 1), (1, 0, 0)))": [1.8641913402097918, 1.8638459305487338, 1.9236187263652205, 1.8747854872956822, 1.8722282530305376, 1.8804899863439324, 8.813353011505765, 1.9297859555377708], "((1, 1), ((1, 0, 1), (1, 0, 0), (1, 1, 1)))": [1.8405850703043083, 1.8991333403551591, 1.8744968946632843, 2.2242908204360354, 1.839311268122525, 1.8891518178360223, 1.8623712404037496, 1.8668891809113064], "((1, 1), ((0, 1, 0), (0, 0, 0), (1, 1, 0)))": [2.1717449295598743, 54.788803713761524, 14.564724432438462, 14.838317585825363, 5.674631701922598, 7.603870249435541, 9.280464280427243, 10.889501472005636], "((1, 1), ((1, 0, 1), (0, 0, 1), (1, 0, 1)))": [15.31579299434546, 4.419120339179861, 1.8966971460710604, 1.8321631583454936, 7.276138069965541, 3.462413621394176, 1.8522705031245479, 1.8651408906187068], "((1, 1), ((0, 0, 1), (1, 0, 1), (0, 0, 0)))": [8.013101576929706, 9.704551731888076, 2.076735693676483, 2.0585899091345494, 1.8726271189853905, 9.519784267948927, 35.208570183070904, 6.6468880004471185], "((1, 1), ((1, 0, 1), (0, 0, 0), (1, 1, 1)))": [1.6851746516650736, 12.421926441660883, 1.6525811314516101, 1.6613628708600414, 1.6398875151695396, 1.6612716896779303, 1.6621452396778886, 1.6389220601150467], "((1, 1), ((1, 1, 0), (0, 0, 0), (0, 1, 1)))": [1.7742809608360606, 1.8142841412938542, 1.7659846847955865, 1.7524569519193627, 1.7775516890864551, 1.7978451149797132, 1.8110257821158426, 1.7773361322679597], "((1, 1), ((0, 1, 0), (0, 0, 0), (1, 1, 1)))": [1.8050780954186993, 1.6388735650895414, 7.052807740418406, 5.698305489215183, 3.6957633412736617, 6.7142910477728766, 1.6248093881903254, 22.456207904419713], "((1, 1), ((1, 0, 0), (1, 0, 1), (0, 0, 1)))": [1.8809970474297655, 1.6848105646223637, 1.7377697955895492, 1.716301682565424, 28.693604630819607, 1.7148366056838709, 1.7083685035622733, 1.7353373852499423], "((1, 1), ((1, 0, 1), (0, 0, 0), (0, 1, 1)))": [1.7198006259902214, 1.7304393550120565, 1.6741417387762656, 1.71010362533196, 6.897169691545984, 1.6941145364891952, 1.7297211550694958, 1.7121801335137943], "((1, 1), ((1, 1, 0), (1, 0, 0), (1, 0, 1)))": [1.6656643098401185, 1.7005997136052866, 6.287095293397314, 1.6796338415677141, 1.6816394598096147, 1.7023827007134738, 1.684099976185868, 1.7037101730054651], "((1, 1), ((1, 1, 1), (0, 0, 0), (1, 1, 0)))": [3.7175343592433747, 2.9724984001326193, 4.237178543140128, 4.20689362741078, 1.457635961277989, 3.9647938078789036, 31.02484120720139, 4.219771771594531], "((1, 1), ((1, 1, 1), (0, 0, 1), (1, 0, 1)))": [1.5119386205322385, 1.4110613437120632, 14.021612526635119, 1.4747238619913055, 1.4863370949787253, 1.4744360966229113, 1.4749877756971193, 1.5066541456139952], "((1, 1), ((1, 0, 0), (1, 0, 1), (0, 0, 0)))": [3.623386430462597, 7.470442526463212, 2.5539104111014943, 1.7915434566806836, 5.536597596749618, 3.40827217379085, 25.905874060135616, 3.7873390096189032], "((1, 1), ((0, 1, 1), (0, 0, 0), (1, 1, 0)))": [1.9963169608215408, 2.5108151413832993, 8.72801184281487, 6.700965189939648, 6.268300820158286, 4.164567866985462, 29.676626609851862, 6.057302561880368], "((1, 1), ((1, 0, 1), (0, 0, 1), (1, 1, 1)))": [1.8884906078266352, 1.9258063662722347, 1.9042661481373244, 2.025658212522272, 1.8919441602643654, 1.8697962183235204, 1.9194316578601311, 1.924972584161395], "((1, 1), ((0, 0, 0), (1, 0, 1), (0, 0, 0)))": [58.31647810785904, 59.07885569335024, 67.97457235022713, 53.68758374707702, 45.058161173198584, 41.448913561246805, 60.96123002080538, 53.76221105806323], "((1, 1), ((1, 1, 0), (0, 0, 0), (1, 1, 1)))": [1.7524796050481872, 8.382740269768725, 1.759375779735504, 1.7125543232458114, 1.7263943697580741, 1.7385797781334817, 1.7619258478319084, 1.7498893111193294], "((1, 0), ((0, 1, 1), (0, 0, 1), (1, 0, 1)))": [57.81622551623883, 56.371743221071384, 74.45336713014275, 55.65380097819097, 55.102658432392786, 55.152666680399605, 58.16542836257017, 54.157435494342884], "((1, 0), ((0, 0, 1), (1, 0, 1), (0, 0, 1)))": [73.40336738616502, 73.53577569084277, 84.15470021316816, 63.87595413841722, 74.54744162199717, 65.43725143624442, 72.77225598620446, 71.96402523621], "((1, 1), ((1, 0, 1), (0, 0, 0), (1, 1, 0)))": [38.74870057006659, 62.89397115421609, 65.3505555115611, 58.79712005985225, 63.52093667613367, 62.634069943513715, 75.63894143339563, 63.45299248291443], "((1, 0), ((1, 0, 1), (0, 0, 1), (1, 0, 1)))": [60.13649122868016, 62.892357049521486, 74.054432461356, 68.10981812463898, 63.28707450459501, 59.15581359670981, 62.84977062394936, 64.07094016024992], "((1, 1), ((1, 0, 0), (1, 0, 0), (0, 0, 0)))": [47.782187364086866, 41.85381581221495, 50.4612856381891, 43.35171910049546, 36.38227586099597, 47.827843835362785, 54.7015844171816, 41.76342558137019], "((1, 1), ((1, 0, 0), (0, 0, 0), (1, 0, 1)))": [40.197659458412154, 53.068578990379535, 61.07638894605522, 48.59078175543636, 52.74247369558153, 52.34408545020218, 52.50512501769022, 42.644422481783906], "((1, 0), ((0, 0, 1), (0, 0, 1), (0, 0, 1)))": [39.860688724470336, 38.625808475579504, 41.38611526255065, 36.8597711428581, 45.42814838150909, 37.80732079327055, 39.624855061322684, 38.873608337012826], "((1, 1), ((0, 0, 0), (1, 0, 0), (1, 0, 0)))": [38.31903306412457, 40.104015212660755, 44.08993417247267, 36.96097734818265, 38.26756994287454, 22.55893829138331, 41.372833431377096, 37.133066853848476], "((1, 1), ((1, 1, 1), (0, 0, 0), (1, 0, 0)))": [13.676770569980066, 35.342329377512314, 36.864071278530346, 36.06132766349042, 35.84552904275517, 35.55367920429269, 39.9311880951305, 36.14372969776968], "((1, 1), ((1, 1, 1), (0, 0, 0), (1, 1, 1)))": [1.7383272076782852, 4.182562132910691, 1.695179694073928, 1.6655569190206325, 1.7313074493749985, 1.7136900002044197, 1.717425320811742, 1.7144243318366683], "((1, 1), ((1, 0, 0), (1, 0, 0), (1, 0, 0)))": [42.53933369523279, 41.858106295581486, 49.11243473155572, 38.8216320478937, 42.64528161655436, 42.731373598503765, 42.10569557637025, 41.9048711155089], "((1, 0), ((0, 0, 1), (0, 0, 1), (0, 1, 1)))": [50.91258923149125, 50.076575207164666, 51.383073173349224, 40.95425962557266, 60.97503391280546, 47.64896814047209, 51.90966363840958, 52.11323369067244], "((1, 0), ((1, 1, 1), (0, 0, 1), (0, 0, 1)))": [34.91945138281259, 33.72201989137689, 41.73488622592532, 33.909458965933084, 34.87022532424126, 34.82115185966716, 34.132625663911504, 34.37982636226697], "((1, 1), ((0, 1, 1), (0, 0, 0), (0, 0, 0)))": [34.74832229050619, 47.448919816203315, 32.539241122253756, 43.24258960573022, 31.40470364927037, 4.631055095992955, 51.679173161949365, 39.42125471766071], "((1, 1), ((1, 0, 1), (0, 0, 0), (0, 0, 0)))": [25.057756143868293, 49.72682805699882, 27.395817258487327, 6.408497847045507, 23.264659004346658, 23.080297171372017, 32.0081266962193, 32.22106687103505], "((1, 1), ((0, 0, 0), (0, 0, 0), (0, 0, 0)))": [34.249517148697805, 33.69641250423922, 32.98458090779452, 33.761778368221954, 32.27952801498324, 31.906725208564065, 32.36271878770936, 44.09051699764151], "((1, 1), ((1, 1, 0), (0, 0, 0), (0, 0, 0)))": [25.727873672605064, 44.94649541818868, 27.129804875545315, 25.01920172897489, 32.1103723905975, 25.64395135993242, 28.572523916887175, 5.776705848018223],