{"((1, 1), ((1, 1, 1), (1, 0, 0), (1, 0, 1)))": [28.42015075905759, 32.14174757021782, 28.83289947696369, 28.436879359097954, 28.45114607058641, 28.449399884656124, 28.444222703031652, 28.458929555412094], "((1, 1), ((1, 1, 1), (0, 0, 0), (0, 1, 0)))": [28.84495187952248, 32.12057465759201, 31.71400389691969, 31.747752907033895, 28.835686604216253, 31.746624294805837, 35.834393007690885, 31.734403976446888], "((1, 1), ((0, 0, 1), (1, 0, 1), (1, 0, 0)))": [35.446247194474694, 35.4664237683973, 35.82814009354783, 32.12523241264273, 35.47228380925932, 32.13585084976756, 39.940831108363156, 35.44613127714229], "((1, 1), ((1, 0, 1), (1, 0, 0), (1, 1, 1)))": [34.74066985297035, 39.949257765609985, 35.29260475560853, 35.43747139313716, 34.863854794037486, 35.091337451562694, 35.338333049080994, 34.998126584705886], "((1, 1), ((0, 1, 0), (0, 0, 0), (1, 1, 1)))": [35.8273160880154, 39.92905342577006, 39.51362029828763, 39.52426725784939, 39.54182552326798, 35.881075265512365, 39.486251764148335, 44.5039555376114], "((1, 0), ((1, 0, 0), (1, 0, 1), (0, 0, 1)))": [44.06143027569684, 44.09686204645924, 39.92885550752984, 44.49564351401052, 39.925957525869, 44.073806997918204, 44.10742876347956, 49.571335890540226], "((1, 0), ((1, 1, 1), (1, 0, 0), (1, 0, 1)))": [44.07797700601334, 49.56748992760368, 44.47892712765828, 44.08597398264532, 44.17643334213335, 44.14564247879679, 44.055375728662675, 44.08583701611599], "((1, -1), ((1, 1, 1), (0, 0, 0), (0, 1, 0)))": [44.491628348089876, 49.46154237017356, 49.13502284069539, 49.14878185644582, 44.52968979860578, 49.155419124017094, 55.197366966516874, 49.08369508535345], "((1, 0), ((1, 0, 1), (0, 0, 1), (1, 1, 1)))": [39.83816675620354, 39.53236944032723, 39.6218711377748, 44.51258403243867, 39.55844399308599, 39.56282524700829, 39.570443963135745, 39.50600184173239], "((1, -1), ((1, 1, 1), (0, 0, 1), (1, 0, 1)))": [49.651513849275126, 49.092832607150356, 55.08441205311286, 49.124287874704144, 49.07732885048308, 49.03581746208362, 49.061177443447285, 49.11742422672645], "((1, -1), ((0, 0, 1), (1, 0, 1), (1, 0, 1)))": [54.82136787644926, 54.809554896150736, 61.44442501556607, 49.47266853435738, 54.712973010655965, 49.49746693898333, 54.839958887368894, 54.88609472249011], "((1, -1), ((1, 0, 1), (1, 0, 1), (1, 0, 1)))": [60.46082993965464, 60.40528718868243, 68.38339356914189, 59.09364537323603, 60.40843482304248, 60.35236078190211, 60.424731599770446, 60.449263164860184], "((1, -1), ((1, 0, 1), (1, 0, 1), (0, 0, 1)))": [80.40999999999985, 80.40999999999985, 80.80999999999986, 61.326511508644906, 89.89999999999989, 80.40999999999985, 80.40999999999985, 80.40999999999985], "((0, -1), ((1, 0, 1), (0, 0, 1), (1, 1, 1)))": [89.89999999999989, 80.40999999999985, 80.40999999999985, 80.80999999999986, 80.40999999999985, 80.40999999999985, 80.40999999999985, 80.40999999999985], "((0, -1), ((1, 1, 0), (0, 0, 0), (1, 1, 1)))": [99.99999999999994, 80.80999999999986, 89.49999999999989, 89.49999999999989, 89.49999999999989, 89.49999999999989, 89.49999999999989, 80.80999999999986], "((0, 0), ((1, 1, 1), (1, 0, 0), (1, 1, 1)))": [0.0, 0.0, 0.0, 0.0, 0.0, 0.0, 0.0, 0.0], "((1, 1), ((1, 0, 0), (1, 0, 1), (1, 0, 1)))": [28.399982191771432, 28.44966507864704, 25.792911353416084, 28.795157140645728, 28.440780083070113, 28.40850995935553, 28.422765869608714, 32.19567693768987], "((1, 1), ((1, 0, 1), (1, 0, 1), (1, 0, 1)))": [25.320754511330104, 25.25019833592112, 25.48488126865417, 28.804960969717715, 25.295125727418394, 25.301769106904416, 25.267455050934277, 25.297572257845417], "((1, 1), ((1, 0, 1), (1, 0, 1), (1, 0, 0)))": [25.50535976938122, 25.387617982290628, 30.735837979555402, 25.68480156488662, 25.38897647795945, 25.852643491952396, 26.542097729542903, 25.661559858770413], "((1, 1), ((0, 1, 1), (0, 0, 0), (1, 1, 0)))": [31.72082255833874, 23.860504280980773, 26.02772926851275, 25.586902735332384, 26.19856421611792, 25.896926856933764, 23.55297194998725, 26.051235719242403], "((1, 1), ((1, 1, 1), (0, 0, 1), (1, 0, 1)))": [32.15129511293402, 31.70206864858344, 35.87045925181453, 31.72596304916394, 31.76025385925669, 31.73945378153369, 31.74566897144923, 31.757993229163215], "((1, 1), ((1, 1, 1), (0, 0, 0), (1, 0, 1)))": [26.536239339431788, 21.303415749641438, 23.597243546299758, 23.40563360100009, 23.24713865739274, 23.403798733421517, 23.522469461732925, 23.420005138810318], "((1, 1), ((0, 0, 0), (1, 0, 1), (0, 0, 1)))": [23.353882560355444, 23.422589204271038, 20.96211517561249, 23.82454524081559, 21.123313435387608, 26.4167557263267, 23.3840117957847, 21.1727509938676], "((0, 1), ((1, 0, 1), (0, 0, 1), (1, 1, 1)))": [20.59437857147697, 20.138395353937522, 19.84425942504912, 23.68960957503358, 19.953530275729698, 20.035783401989374, 19.88318882145574, 19.801263653983828], "((1, 1), ((1, 1, 1), (0, 0, 0), (0, 1, 1)))": [23.71570184235835, 18.048316587508253, 20.810266084301983, 20.547419516251956, 23.911678186184144, 20.58633743833296, 20.696333864041744, 20.539354462363097], "((1, 0), ((1, 1, 1), (0, 0, 1), (1, 1, 1)))": [20.968236428684854, 16.002241825212018, 15.683749376571944, 15.411903224045776, 14.284807232037714, 15.624265548058467, 15.837020317075257, 16.262517587209132], "((0, 1), ((1, 1, 0), (0, 0, 0), (1, 1, 1)))": [17.80707036340891, 20.45313333559545, 20.22835597285254, 19.83370995815861, 20.023626709335588, 20.067051500652962, 19.99377644831595, 23.821755527076085], "((0, 1), ((1, 1, 1), (1, 0, 0), (1, 1, 1)))": [16.3580341154156, 20.686349803976423, 14.219779918761787, 14.30775595840741, 15.666494705280272, 15.473821305570375, 15.339593191649334, 15.971744462428735]}