{"((1, 1), ((1, 1, 1), (1, 0, 0), (1, 1, 1)))": [0.9979790209085978, 5.575845146172377, 1.24059756510602, 1.5660702881630337, 1.0997172083976507, 0.8899056490250785, 1.1433274958597786, 1.1777774160376269], "((1, 1), ((1, 1, 1), (0, 0, 0), (1, 1, 1)))": [3.178267846687491, 6.121000316439364, 3.3735988324778465, 3.044945769407767, 3.028686836152149, 4.197292707487948, 1.7591209959595968, 1.421231050104842], "((1, 1), ((1, 1, 1), (0, 0, 0), (1, 1, 0)))": [5.222868269339089, 6.845268054117749, 6.991389216648252, 6.113244830679352, 6.844685575278557, 6.7381087305334635, 8.077344784631052, 6.377346387136045], "((1, 1), ((1, 1, 1), (0, 0, 0), (1, 0, 1)))": [6.389844079969477, 6.458184018259618, 7.7377922030413675, 6.812240509832371, 6.5685335820995805, 6.348502849623889, 6.581550424318687, 6.146786883982599], "((1, 1), ((0, 0, 0), (1, 0, 1), (1, 0, 1)))": [7.5027495306875585, 7.3337115732867595, 12.248051043727095, 7.056167492544475, 7.951048915942916, 7.069797347905555, 7.366459248857765, 6.958053441385652], "((1, 1), ((1, 1, 1), (0, 0, 0), (0, 1, 0)))": [6.5888389812200705, 7.221714197166334, 6.786076164888111, 6.701330364316265, 7.203345243755368, 6.579902089091385, 7.363311096716375, 6.959621925769392], "((1, 1), ((1, 0, 1), (1, 0, 1), (1, 1, 1)))": [7.150679364280037, 7.069898355394144, 7.19553121382714, 7.929428524283578, 7.0849272819215985, 7.009097901857085, 7.11753621459198, 6.977095957054665], "((1, 1), ((1, 0, 1), (1, 0, 1), (1, 0, 1)))": [48.56239967260727, 48.553021255762474, 56.04190036886533, 35.241204394591456, 48.54923665814951, 48.21025099768788, 48.543595975723385, 48.72483940113471], "((1, 1), ((1, 0, 1), (1, 0, 1), (1, 0, 0)))": [64.86609999999979, 64.86609999999979, 65.2660999999998, 49.57701269055954, 64.86609999999979, 64.86609999999979, 72.62899999999982, 64.86609999999979], "((1, 1), ((0, 1, 1), (0, 0, 0), (1, 1, 0)))": [65.2660999999998, 11.851281602126896, 72.22899999999981, 72.22899999999981, 72.22899999999981, 65.2660999999998, 80.80999999999986, 72.22899999999981], "((1, 0), ((1, 1, 1), (0, 0, 1), (1, 0, 1)))": [7.0363996359963235, 7.019652629014861, 7.0326640214949, 6.996980150850864, 7.1751461236717375, 6.848850003401031, 7.086901045104523, 6.843300707671292], "((1, 0), ((0, 0, 1), (1, 0, 1), (0, 0, 1)))": [80.40999999999985, 80.40999999999985, 89.89999999999989, 11.899409296605066, 89.89999999999989, 72.62899999999982, 80.40999999999985, 80.40999999999985], "((1, 0), ((1, 0, 1), (0, 0, 1), (1, 0, 1)))": [89.89999999999989, 89.49999999999989, 99.99999999999994, 80.80999999999986, 89.49999999999989, 89.49999999999989, 89.49999999999989, 89.49999999999989], "((1, 1), ((1, 1, 0), (0, 0, 0), (0, 1, 0)))": [80.80999999999986, 89.89999999999989, 89.49999999999989, 89.49999999999989, 80.80999999999986, 89.49999999999989, 99.99999999999994, 80.80999999999986], "((0, 1), ((1, 0, 0), (1, 0, 1), (0, 0, 1)))": [80.40999999999985, 80.40999999999985, 72.62899999999982, 80.80999999999986, 72.62899999999982, 80.40999999999985, 80.40999999999985, 89.89999999999989], "((-1, 1), ((1, 1, 0), (0, 0, 0), (1, 1, 1)))": [62.49360439304908, 72.62899927415768, 72.22899174577377, 72.22899774132689, 72.22899773933763, 72.22899977728038, 72.22899582021522, 80.80999999999986], "((1, 1), ((1, 1, 1), (1, 0, 0), (1, 0, 1)))": [80.40999999999985, 89.89999999999989, 80.80999999999986, 80.40999999999985, 80.40999999999985, 80.40999999999985, 80.40999999999985, 80.40999999999985], "((0, 0), ((0, 0, 1), (1, 0, 1), (1, 0, 1)))": [0.0, 0.0, 0.0, 0.0, 0.0, 0.0, 0.0, 0.0], "((1, 0), ((0, 0, 1), (1, 0, 1), (1, 0, 1)))": [6.9650604481823155, 6.759799678421492, 6.12976887188795, 7.085672745514913, 6.835455851172439, 7.0980062537153135, 6.858503290739626, 6.72644962656537], "((1, 0), ((1, 0, 1), (1, 0, 1), (1, 0, 1)))": [5.019359636691894, 5.569392023242332, 5.397154904223, 7.544117578348801, 5.625561549700376, 5.37363751278214, 5.373364602007279, 5.411038676412666], "((1, 0), ((1, 0, 1), (1, 0, 1), (1, 1, 1)))": [5.601580419478304, 5.433325095458485, 5.564691174260978, 5.602419320800011, 5.605523601974669, 5.536191002481129, 5.597862809958276, 5.649297338104913], "((1, 1), ((1, 0, 1), (1, 0, 0), (1, 1, 1)))": [64.86609999999979, 72.62899999999982, 64.86609999999979, 65.2660999999998, 64.86609999999979, 64.86609999999979, 64.86609999999979, 64.86609999999979], "((-1, 1), ((1, 0, 1), (0, 0, 1), (1, 1, 1)))": [72.62899979626607, 72.22899989628657, 72.22899989465346, 80.80999999999986, 72.22899869270694, 72.22899717874454, 72.22899958805405, 72.22899857929607], "((-1, 1), ((1, 1, 1), (0, 0, 0), (1, 1, 1)))": [60.93137796818001, 70.94891009945152, 59.646405947209644, 60.426006024333674, 60.711818646442886, 59.95892105758059, 60.31114708586422, 60.97330931468549], "((-1, 1), ((0, 1, 1), (0, 0, 0), (1, 1, 1)))": [0.0, 11.395832089344237, 0.0, -0.05, 0.0, -0.010000000000000002, -0.05, 0.0], "((0, 1), ((1, 0, 0), (1, 0, 1), (1, 0, 0)))": [-0.05, -0.05, 0.0, 0.0, 0.0, -0.095, 0.0, -0.010000000000000002], "((1, 1), ((0, 1, 0), (0, 0, 0), (0, 1, 1)))": [0.0, -0.010000000000000002, -0.05, -0.05, 0.0, 0.0, 0.0, 0.0], "((1, 1), ((1, 0, 1), (0, 0, 1), (1, 1, 1)))": [-0.010000000000000002, -0.05, -0.05, 0.0, -0.095, -0.17195000000000002, -0.1355, -0.095]}