{"((1, 1), ((1, 1, 1), (1, 0, 0), (1, 0, 1)))": [28.47850548253244, 32.22544253657326, 28.876634821182098, 28.4555284832701, 28.44656314996773, 28.496979356071893, 28.47927330057498, 28.472187432725548], "((1, 1), ((1, 0, 0), (1, 0, 1), (1, 0, 1)))": [28.442846279282577, 28.444631351505894, 25.80609087445501, 28.810400829950545, 28.41272813922434, 28.43436961825841, 28.43671842442408, 32.18721139251731], "((1, 1), ((1, 1, 1), (0, 0, 0), (0, 1, 0)))": [28.866059823328925, 32.20884881726616, 31.79846657908141, 31.81687606642482, 28.87250337533711, 31.797625958054265, 35.946956413910655, 31.778331087483508], "((1, 1), ((1, 1, 1), (0, 0, 1), (1, 0, 1)))": [32.16693606897968, 31.747526307749, 35.89138302085258, 31.726029775390323, 31.72843506040357, 31.724092130957214, 31.75604612763711, 31.750798544210394], "((1, 1), ((0, 0, 1), (1, 0, 1), (1, 0, 0)))": [35.507660172728045, 35.4675578873012, 35.875024414600965, 32.20269291240108, 35.47835932638389, 32.158609475092284, 40.084434050520656, 35.47462022007734], "((1, 1), ((1, 0, 1), (1, 0, 0), (1, 1, 1)))": [35.0930674738127, 39.98453753601516, 34.97080126433293, 35.82892655518081, 35.11618788562019, 34.84048783901556, 35.23760466411038, 34.73592687268031], "((1, 1), ((0, 1, 0), (0, 0, 0), (1, 1, 1)))": [35.875207096278984, 39.976341722369654, 39.59608938660886, 39.58410184921774, 39.565964092524744, 35.860932214483284, 39.57094737638188, 44.66498410713882], "((1, 0), ((1, 0, 1), (0, 0, 1), (1, 1, 1)))": [39.93286378562419, 39.5492530524789, 39.50482676099779, 44.53381993044556, 39.53842022328901, 39.52421275171323, 39.50803042693769, 39.514163894363875], "((1, 0), ((1, 0, 0), (1, 0, 1), (0, 0, 1)))": [44.11526382501011, 44.177744328282735, 39.967367319246044, 44.52075592380513, 39.97419213483866, 44.103770297640416, 44.15969005693694, 49.717403645871975], "((1, -1), ((1, 1, 1), (0, 0, 0), (0, 1, 0)))": [44.521279247875995, 49.600696248725356, 49.19529710325262, 49.152504900788536, 44.51199586377122, 49.145463418903525, 55.294248003636795, 49.15469002104349], "((1, 0), ((1, 1, 1), (1, 0, 0), (1, 0, 1)))": [44.06371931919229, 49.57532995072525, 44.44852413472198, 44.04516673389725, 44.00126101650721, 44.05346036149569, 44.0332796892524, 44.06838416820377], "((1, -1), ((1, 1, 1), (0, 0, 1), (1, 0, 1)))": [49.532478118600764, 49.0685332024369, 55.231356209265606, 49.114693340815414, 49.04354055666699, 49.07564236853806, 49.09829279193218, 49.103531579811865], "((1, -1), ((0, 0, 1), (1, 0, 1), (1, 0, 1)))": [54.79493845052942, 54.79531341220838, 61.4840214706883, 49.59178877318099, 54.79932870673254, 49.573992785201085, 54.814253657989354, 54.76609169024414], "((1, -1), ((1, 0, 1), (1, 0, 1), (1, 0, 1)))": [60.26157484325493, 60.357309061835004, 68.389069686266, 59.29934552962774, 60.42949645445704, 60.56747812913613, 60.43469036924805, 60.35444884406708], "((1, -1), ((1, 0, 1), (1, 0, 1), (0, 0, 1)))": [80.40999999999985, 80.40999999999985, 80.80999999999986, 61.450087891200596, 89.89999999999989, 80.40999999999985, 80.40999999999985, 80.40999999999985], "((1, 1), ((1, 0, 1), (1, 0, 1), (1, 0, 1)))": [25.325542085590993, 25.29177855699899, 26.84230612656379, 28.814031559170687, 25.30245960552542, 25.309606624713254, 25.298441235796435, 25.312591492364767], "((1, 1), ((1, 0, 1), (1, 0, 1), (1, 0, 0)))": [26.801042807752598, 26.613349926603423, 29.76902803743956, 25.64631357791751, 26.90794597324625, 26.54953598171937, 26.67911643160813, 26.71275338219392], "((1, 1), ((0, 1, 1), (0, 0, 0), (1, 1, 0)))": [29.576882939186742, 24.189254595928368, 26.095114551020057, 26.905692965485244, 26.385506910685812, 27.027476293949213, 24.127896275323838, 26.56495555250044], "((1, 1), ((1, 1, 1), (0, 0, 0), (1, 0, 1)))": [26.804640718440208, 21.101133742258686, 23.66590291063364, 23.36752199053868, 23.080947981622458, 23.31216709955159, 23.504954125907744, 23.33172058310556], "((1, 1), ((0, 0, 0), (1, 0, 1), (0, 0, 1)))": [22.95851343284287, 23.14583328601659, 21.237522892381957, 23.329686324713393, 21.080845457827103, 26.78252216854057, 22.868375535530262, 20.871956201383938], "((1, 1), ((1, 1, 1), (0, 0, 0), (0, 1, 1)))": [23.59987229407357, 18.768031545006103, 20.888185742382014, 20.53664170552751, 23.044417444407138, 20.734369743632065, 21.108342340393612, 20.703019620229455], "((1, 0), ((1, 1, 1), (0, 0, 1), (1, 1, 1)))": [21.356414125639482, 15.159005099763753, 15.802082435967572, 16.72390159963479, 14.69334634212147, 16.878303857984942, 16.878745249410716, 14.920765611807628], "((0, -1), ((1, 0, 1), (0, 0, 1), (1, 1, 1)))": [89.89999999999989, 80.40999999999985, 80.40999999999985, 80.80999999999986, 80.40999999999985, 80.40999999999985, 80.40999999999985, 80.40999999999985], "((0, -1), ((1, 1, 0), (0, 0, 0), (1, 1, 1)))": [99.99999999999994, 80.80999999999986, 89.49999999999989, 89.49999999999989, 89.49999999999989, 89.49999999999989, 89.49999999999989, 80.80999999999986], "((0, 0), ((1, 1, 1), (1, 0, 0), (1, 1, 1)))": [0.0, 0.0, 0.0, 0.0, 0.0, 0.0, 0.0, 0.0], "((0, 1), ((1, 1, 0), (0, 0, 0), (1, 1, 1)))": [18.2044759783708, 21.210748133616615, 20.81587389865948, 20.778260748305843, 20.538681693988686, 20.798187866884312, 20.684503432928413, 23.330799400567834], "((0, 1), ((1, 0, 1), (0, 0, 1), (1, 1, 1)))": [20.843166336132224, 20.777191820335602, 20.893409964287102, 23.642596037321916, 20.842285928646668, 21.092996908515314, 20.93950862916146, 21.01012083770514], "((0, 1), ((1, 1, 1), (1, 0, 0), (1, 1, 1)))": [16.390543294363834, 20.84165129251262, 17.142670196970023, 17.17433163704366, 16.60422979710827, 16.997560017594857, 16.24789354731863, 16.341414252735152]}