{"((1, 1), ((1, 1, 1), (1, 0, 0), (1, 0, 1)))": [19.104034513601064, 23.798635577152698, 12.130730179555735, 17.794255199560133, 16.20072472977248, 12.97775896742077, 15.443734944097057, 17.39217782432904], "((1, 1), ((1, 0, 0), (1, 0, 1), (1, 0, 1)))": [2.9483704685594767, 2.9895584633356775, 1.951768106252477, 2.9504989463418148, 1.6720162832712282, 3.903433420481367, 2.925160969960542, 21.708531254030994], "((1, 1), ((1, 1, 1), (0, 0, 0), (0, 1, 1)))": [17.556884733964548, 26.59087666497345, 20.167566571512445, 19.678703983217698, 10.492493953125535, 20.865770156395147, 17.2790074149081, 16.830550172564173], "((1, 1), ((1, 1, 1), (0, 0, 0), (1, 1, 0)))": [18.280575809748914, 19.66485518911044, 20.434741624809565, 20.37580692843438, 17.916303131916617, 16.13649012692728, 29.663932495004964, 21.756354889841433], "((1, 1), ((1, 1, 1), (0, 0, 1), (1, 0, 1)))": [5.362792437590469, 3.1156695299039194, 28.90564366398611, 3.3665497160360367, 3.147490945898074, 3.1463917566927573, 5.21577930197832, 3.10077502727783], "((1, 1), ((0, 0, 1), (1, 0, 1), (0, 0, 0)))": [25.087944719537145, 27.34794596702511, 20.397726870043257, 23.220496089393997, 21.7712037362953, 24.501286419732146, 33.0466913051218, 27.306561748633666], "((1, 1), ((1, 0, 1), (0, 0, 0), (0, 1, 1)))": [3.0757993510234263, 5.922542379675642, 3.0771450223512447, 26.5238251670913, 2.571399525612608, 2.3755995080943193, 3.092243507114265, 3.1094809156476075], "((1, 1), ((0, 1, 0), (0, 0, 0), (1, 1, 1)))": [12.349517477547701, 23.020587304650398, 14.294752859886351, 18.3206568768466, 14.305449647447604, 22.619287464165417, 15.97369552589235, 14.670054862461186], "((1, 1), ((1, 0, 0), (1, 0, 1), (0, 0, 0)))": [3.6648349091204167, 3.6115352204853863, 22.896055582036077, 3.6282113400997265, 3.6621147516278443, 5.227923148827575, 3.61459505989886, 3.6634673803132713], "((1, 1), ((1, 1, 1), (0, 0, 0), (1, 1, 1)))": [3.6482439258180834, 3.919971179651926, 3.6084216183155244, 3.597801912125337, 3.6297894675296623, 3.566440613265901, 3.6204047775375843, 3.582187943559221], "((1, 1), ((1, 1, 1), (0, 0, 0), (1, 0, 0)))": [12.103587158587542, 37.454650349198154, 38.37238613923491, 37.06463842116847, 37.43118462300444, 37.06216838307533, 41.49613725279095, 37.40141323862861], "((1, 1), ((0, 0, 0), (1, 0, 0), (1, 0, 0)))": [38.2795545653331, 40.913278281008665, 43.66814665212326, 37.019429228756444, 38.593637517805895, 23.28684195172139, 40.8886237529253, 37.779873036874385], "((1, 1), ((1, 0, 0), (1, 0, 0), (1, 0, 0)))": [42.409175868323636, 42.411745731352035, 48.28130012187769, 38.939073895119165, 42.67043825139309, 42.73130818999805, 42.522478351410136, 41.883450443885515], "((1, 1), ((1, 0, 0), (1, 0, 0), (0, 0, 0)))": [46.13656813971529, 46.29392310212127, 54.83144145791769, 43.0809365875089, 41.75153947238337, 47.11738306972767, 51.00994600594643, 44.609582334820175], "((1, 1), ((1, 0, 0), (0, 0, 0), (1, 0, 1)))": [40.72946422889208, 50.643595302586924, 61.05253474000794, 48.544561583794554, 51.92348163569798, 51.33336481903932, 52.52752463074511, 45.97312837416846], "((1, 0), ((0, 0, 1), (0, 0, 1), (0, 0, 1)))": [39.08257373898852, 41.92998173088997, 43.06127722652703, 40.72255053587714, 53.183594555674944, 37.91708495080217, 42.369361871375, 42.227761713501444], "((1, 0), ((0, 0, 1), (0, 0, 1), (0, 1, 1)))": [49.803720024926236, 49.45832864257664, 49.32051089157158, 43.006862721550824, 60.29490796740406, 47.67895398841702, 49.375504797057815, 49.40689206293632], "((1, 1), ((1, 0, 1), (0, 0, 0), (1, 1, 1)))": [18.464432568623387, 25.62314241248248, 19.55409733021267, 14.508894960564218, 16.968319494554848, 16.192349341751346, 17.09271796589153, 17.4124354721633], "((1, 1), ((0, 1, 1), (0, 0, 0), (1, 1, 0)))": [18.367777664006784, 18.77310043271421, 20.68399323904282, 19.123857481394445, 22.451798082537103, 15.708159088222285, 28.550064312338577, 16.84151773070613], "((1, 1), ((0, 0, 0), (1, 0, 1), (0, 0, 0)))": [56.52397638802977, 58.289528816536624, 58.747369351026826, 53.009297597445034, 26.106715500599524, 43.035433006499794, 67.95976637774544, 52.374582788617175], "((1, 1), ((1, 0, 1), (1, 0, 1), (1, 0, 1)))": [1.1271503050354916, 0.9213637133657827, 0.8903150606093718, 3.203623363965755, 1.0196168736705231, 1.2684182232623853, 1.1360208626885497, 1.4393524499829384], "((1, 1), ((1, 0, 1), (1, 0, 1), (1, 0, 0)))": [1.0259639773706255, 2.216219963412002, 2.2169072436205233, 2.1384148278473694, 2.150423528913409, 2.21210613885091, 2.2979582527715694, 2.1239863830962564], "((1, 1), ((0, 1, 0), (0, 0, 0), (1, 1, 0)))": [20.898738275166913, 48.08551828670206, 34.69689865103528, 34.63781776748163, 38.70953798850858, 23.452456698756315, 42.08695435480565, 49.228759842797984], "((1, 1), ((1, 0, 0), (1, 0, 1), (0, 0, 1)))": [2.0180153143424264, 1.9091001645357664, 1.9989558347625604, 3.1254414901767915, 1.9967763585062717, 1.9720359272842891, 1.9224440481880993, 1.9943802567915783], "((1, 1), ((1, 0, 1), (0, 0, 1), (1, 0, 1)))": [10.021262643069894, 2.1540733278474873, 2.0208735242226963, 2.2417539217542184, 2.2203983324836973, 2.2246897154951437, 1.8747860961488547, 2.2262923508370167], "((1, 1), ((1, 0, 1), (1, 0, 0), (1, 1, 1)))": [1.6077684268043957, 2.650672496966228, 2.136572098089012, 2.191481321224982, 2.1719942337802323, 1.9152452939984568, 2.170329496980111, 2.189583840376234], "((1, 1), ((1, 1, 0), (1, 0, 0), (1, 0, 1)))": [3.145172948706595, 3.3434907846957587, 2.3431348030809955, 3.3367713334294193, 3.0079246239856876, 3.289945241850418, 2.9711327688690545, 24.012670353705374], "((1, 1), ((1, 1, 0), (0, 0, 0), (1, 1, 1)))": [3.4490698052597524, 7.984847881902557, 2.8387528986606227, 3.42135644570382, 3.3705219208019446, 3.3928812144848877, 3.4323228261700782, 36.90162576247753], "((1, 1), ((1, 0, 1), (0, 0, 1), (1, 1, 1)))": [2.766346463403936, 1.1383295771875974, 1.4739448202955896, 1.0786448089866572, 1.1486267969874844, 1.8831987112823547, 1.784327856798773, 1.9166471676616055], "((1, 1), ((1, 1, 0), (0, 0, 0), (0, 1, 1)))": [1.977073798016593, 1.9848112816619456, 1.911146309554693, 1.9415084525745037, 1.9497266552170132, 1.9258704020183797, 1.9501447603903448, 2.0427708122078396], "((1, 0), ((1, 1, 1), (0, 0, 1), (0, 0, 1)))": [37.00935300044123, 35.46432891238062, 41.30224578797702, 36.083872483959006, 37.13208143357395, 36.182214257094955, 35.35409810406849, 36.191371620828924], "((0, 1), ((0, 1, 0), (0, 0, 0), (1, 1, 1)))": [46.46444351243555, 99.99999999999994, 70.63445494175706, 66.44369739842936, 65.92912825234148, 43.46187678427503, 65.05984040896774, 60.508130933192206], "((0, 1), ((1, 0, 1), (1, 0, 0), (1, 1, 1)))": [34.773856711304376, 34.95819967619761, 34.62906503440146, 8.561352216833233, 34.958838160336725, 34.76392940970448, 35.05783568860495, 35.056709958476745], "((0, 1), ((1, 0, 0), (0, 0, 0), (1, 1, 1)))": [37.93876860082896, 38.06590756830734, 37.72621302382733, 38.3884298692898, 38.01870340936871, 38.34852474886103, 38.37249673974878, 38.37881981167074], "((1, 1), ((0, 0, 0), (0, 0, 0), (0, 0, 0)))": [38.89921927925139, 43.47172642640464, 39.10106928609385, 39.00476003167358, 38.97977690423204, 40.23071140268923, 38.943462513467495, 41.030892600624966], "((0, 1), ((0, 0, 0), (0, 0, 0), (1, 1, 1)))": [38.65177836411071, 38.227686797811124, 38.22500609022132, 38.51354022611792, 38.5168745275999, 38.609988471349105, 38.295959257374506, 38.419489894239554], "((1, 1), ((1, 1, 1), (0, 0, 0), (0, 0, 0)))": [38.10564731883462, 39.085371432979564, 39.054287452760526, 38.999712333706945, 39.1193916412579, 37.89245492043969, 39.01028853792693, 37.26723612823966], "((1, 1), ((1, 0, 1), (0, 0, 0), (1, 1, 0)))": [38.68855995198747, 57.689582302043185, 56.55314183928838, 56.559489344524216, 56.11495086536715, 56.63082348992627, 74.05690702290758, 56.478899111426294], "((1, 1), ((1, 0, 1), (0, 0, 0), (0, 0, 0)))": [45.43810669335812, 54.95642996524367, 46.54958704401429, 8.205059516663656, 46.01769121797007, 48.503168464764, 47.62144050009923, 47.73191742414357],