{"((1, 1), ((1, 1, 1), (1, 0, 0), (1, 0, 1)))": [2.318795928291391, -0.3994171074068257, 9.653647488356045, -0.7770662660824539, 0.7511620147127589, 2.58743285165101, 1.6162767433201721, 0.7549838416719904], "((1, 1), ((1, 1, 1), (0, 0, 0), (0, 1, 0)))": [-0.9380875594670177, -0.9377252251732058, -1.0006918130111935, -0.9965168059888475, 3.30246423048449, -1.1635299339432887, -0.9377281943865851, -1.113056084280288], "((1, 1), ((1, 0, 0), (1, 0, 1), (1, 0, 1)))": [2.2084448126926963, 0.92884903190472, 10.862899768617972, 2.391136361251834, 1.4573792201607354, 1.7051773197462625, 1.1685409562451596, -0.6911971510710844], "((1, 1), ((0, 0, 1), (1, 0, 1), (1, 0, 0)))": [-0.24470320005097213, -0.6919784213093353, -0.05544245174348683, 0.26970787898706305, -0.7170312520398194, 4.097733820971832, -0.942381409883533, -1.2910140328694768], "((1, 1), ((1, 0, 1), (1, 0, 0), (1, 1, 1)))": [-0.9861360930928136, 8.045245213669848, -0.986999477572215, -0.9345713188565512, -1.1724807136928737, -1.0289773076451767, -1.0696986275871785, -0.9835571959679063], "((1, 1), ((0, 1, 0), (0, 0, 0), (1, 1, 1)))": [-0.9343578900130662, -0.9496874700896032, -1.2915456375063037, -1.3576736987178946, -1.1665820491300907, -0.9344554508402215, -1.1480328526697567, 0.407790482726247], "((1, 1), ((1, 1, 1), (0, 0, 1), (1, 0, 1)))": [-0.9361126237928289, -1.0288986737203758, -0.14533606243898478, -0.9693358391096738, -0.987501273562387, -1.0952282708247587, -0.9645182063180169, -0.9528691532223282], "((1, 1), ((1, 0, 0), (1, 0, 1), (0, 0, 1)))": [-1.3434596068121971, -1.289280234923847, -0.9804151808415679, -0.934071772077743, -0.9342629514749972, -1.3055280142280137, -1.3655294784687428, -0.9551533970212734], "((1, 1), ((1, 1, 1), (0, 0, 0), (0, 1, 1)))": [-0.9237297217063055, -0.879866157766378, -1.0325538093752429, -0.9463885037760836, -0.9268024137328184, -1.2698019191277496, -0.9285416306961009, -1.0423638146228393], "((1, 1), ((1, 1, 1), (0, 0, 0), (1, 1, 1)))": [12.333999227522984, 16.809924532076494, 12.908969026462064, 13.816938730291954, 14.161087794236886, 13.368924997792247, 12.704087129565316, 11.249033049755994], "((1, 1), ((1, 0, 1), (1, 0, 1), (1, 0, 1)))": [0.10296322495785093, 3.0740328714371232, 12.205265395902789, 3.3377482212468013, 2.1345847003111134, 0.9259007358121429, -0.23569164556028677, 2.1628380848428996], "((1, 1), ((1, 0, 1), (1, 0, 1), (1, 0, 0)))": [5.40427651508908, -0.9267479297195095, 0.9013528618424769, 2.320636428355118, 2.2963786687277965, 3.3682491488959583, 13.681409282320784, 2.236315354657659], "((1, 1), ((0, 1, 1), (0, 0, 0), (1, 1, 1)))": [3.9590825880843723, 15.303562399809223, 9.488402297835027, 9.612005202366737, 11.022263418456383, 4.7415771546937275, 7.098877923193453, 9.017959500026176], "((1, 1), ((1, 1, 1), (0, 0, 0), (1, 1, 0)))": [9.023518135444014, 1.4790246502107192, 8.793073047831308, 12.114839644205098, 13.811176906179107, 13.950431233422641, 24.620295248041845, 7.730098561936414], "((1, 1), ((1, 1, 1), (0, 0, 0), (1, 0, 1)))": [-0.9170117626249833, 0.8242069856843024, -0.9166743520174727, -1.11974672313794, -0.9989549914768594, -0.9285663325784359, -0.9316341503640823, -0.9776261177394608], "((1, 1), ((1, 1, 0), (0, 0, 0), (0, 1, 0)))": [-0.915976632737102, 4.127217949349592, -1.058768932587057, -1.1141430871474556, -0.9170008772370124, -0.2725501274575457, -0.9170204907746788, -0.9173270985631157], "((1, 1), ((1, 0, 1), (0, 0, 1), (1, 1, 1)))": [-0.7331025047015214, -1.3616679879762044, -1.369940525135668, -0.9840917398408527, -1.3559248827717083, -1.355496687383465, -1.3634259441118222, -1.34131157994056], "((1, 1), ((1, 0, 1), (1, 0, 1), (0, 0, 1)))": [-1.2438344975719773, -0.7624565521264272, -0.9256186092001124, 5.515317774190858, -0.9251307707932332, -0.4936602759768901, -0.6645019840382778, -1.234345266276851], "((1, 1), ((1, 0, 1), (0, 0, 1), (1, 0, 1)))": [1.0977193151784284, 0.8131921427096889, 12.201850950944639, 2.1737277265274573, 0.6568323744791429, 2.401947174852074, 0.5536772212967853, 3.2433694718430695], "((1, 1), ((0, 0, 0), (1, 0, 1), (0, 0, 1)))": [-1.0232880122743744, 1.7417515262876233, 10.86434424061385, -0.9127767134845812, 5.21638416101032, 3.188630417290981, 1.811258044570891, -0.4141627173472878], "((1, 1), ((1, 1, 0), (0, 0, 0), (1, 1, 0)))": [2.9864540480374977, 16.97345967461776, -0.5996107215506763, -0.32377095097561387, -0.9881411371008533, -0.705959375101817, -0.9129006148018401, -0.9152920253707243], "((1, 1), ((0, 0, 1), (1, 0, 1), (0, 0, 0)))": [5.811423338651544, 6.533242871520251, 2.4172581156145134, 4.143991229191569, 2.991421500818484, 8.209641343460447, 13.665089981576681, 3.3695650195843463], "((1, 1), ((1, 1, 0), (0, 0, 0), (0, 1, 1)))": [-0.8482798942241314, 2.136788172945727, -1.0592501353415518, -1.0674222733080703, -0.927950229464304, -1.0282467487266185, -1.0578802127234785, -0.8772380035229714], "((1, 1), ((1, 0, 1), (0, 0, 0), (1, 1, 1)))": [-0.6093750601114742, 12.385509440883785, -0.7139623015667438, -0.876394092824989, -0.9754907930273236, -0.9876131215193187, -1.0657265968877114, -1.025099583663132], "((1, 1), ((0, 1, 0), (0, 0, 0), (1, 1, 0)))": [-0.9139524468025603, -0.9122159972690193, -1.0154294412081153, -1.0176855486968452, -0.9619659599735754, -0.9151192407170189, -0.7574438676689332, -0.9136645209457778], "((1, 1), ((1, 1, 0), (0, 0, 0), (1, 1, 1)))": [1.6000776323293775, 4.039758945495683, 2.0743915256557166, 2.090482238956171, 1.281714237448854, 0.10242629353641741, 2.910536090945483, 12.24277739606529], "((1, 1), ((0, 1, 0), (0, 0, 0), (0, 1, 1)))": [-0.9555807696846332, -0.9555485340856036, -1.2870536673615287, -1.296973408960049, -0.9552174210010403, -0.9554237709363553, -1.3021009332372095, -0.955073147846232], "((1, 1), ((1, 0, 0), (1, 0, 1), (0, 0, 0)))": [-1.2926515851850118, -1.304154653099853, -0.9542275287988802, -0.9554945298902816, -0.9540738640760558, -1.3023082843859533, -0.9542571073507057, -0.9565836035002511], "((1, 1), ((0, 1, 1), (0, 0, 0), (1, 0, 1)))": [-0.9536710751612015, -0.9540170186171916, -0.9537329941100295, -1.337861573597595, -1.3266654475334696, -0.9533973269719118, -1.3304583839560553, -1.3473550876380715], "((1, 1), ((0, 0, 0), (1, 0, 0), (1, 0, 1)))": [-1.0282661213583297, -0.9610152756680665, -0.9667237392185399, -0.911888188571149, -1.1549211806441373, -0.7792013309435669, -1.345584811643527, -0.9569358163957331], "((1, 0), ((0, 0, 1), (0, 0, 1), (0, 1, 1)))": [-0.9580199754480689, -1.3482516570990515, -1.3477086977909751, -0.9579394036431584, -0.9812701478134958, -0.957906393432203, -1.3335791188829045, -1.340553964555515], "((1, 1), ((1, 1, 1), (0, 0, 0), (1, 0, 0)))": [-0.9650568464258829, -0.9598095968559617, -0.5744105786822874, -1.3548188982585319, -1.34483753389619, -1.3620155193962913, -0.959578584803826, -1.3076220653391615], "((1, 0), ((1, 1, 1), (0, 0, 1), (0, 0, 1)))": [-0.8943830658646376, -1.359552542741661, -0.9782930548704118, -1.362168109697805, -0.9793449434426452, -1.3648445986253481, -1.3728330192367235, -1.361424729863358], "((1, 0), ((1, 1, 1), (0, 0, 1), (1, 0, 1)))": [9.875902549714496, -0.7650260284638442, -0.9719520236811297, -0.4201137119563747, -0.7856281722022443, -1.150977021221381, 0.05796953820545839, -1.2201554155496532], "((1, 0), ((0, 0, 1), (1, 0, 1), (0, 0, 1)))": [-1.2878288870066505, -1.2644673628517005, -0.9621095854130015, -0.950964653729302, -0.9211194830781633, -0.9213422810661429, -1.3060382539440827, -1.187175917857214], "((1, 0), ((1, 0, 1), (0, 0, 1), (1, 1, 1)))": [-0.9785700866832961, -1.2812953682388297, -1.3195579305577612, -0.9023521787754617, -1.3006309741988065, -1.2939950672325886, -1.3320929580501568, -1.3266983032380741], "((1, 1), ((1, 0, 1), (0, 0, 0), (1, 0, 1)))": [-0.9562411476909592, -0.9561674802313427, -0.9564980230146813, -0.9416802091678609, -1.251202364110502, -1.219050053461432, -1.2167273296641226, -1.2885718431197646],